10308844_1	Q0	107098	0
10308844_1	Q0	108289	0
10308844_1	Q0	113573	0
10308844_1	Q0	119133	0
10308844_1	Q0	119144	0
10308844_1	Q0	119504	0
10308844_1	Q0	121196	0
10308844_1	Q0	125113	1
10308844_1	Q0	126263	0
10308844_1	Q0	12738	0
10308844_1	Q0	128466	0
10308844_1	Q0	128587	0
10308844_1	Q0	128889	0
10308844_1	Q0	129014	0
10308844_1	Q0	130726	0
10308844_1	Q0	133206	0
10308844_1	Q0	134542	0
10308844_1	Q0	137660	0
10308844_1	Q0	138112	0
10308844_1	Q0	139404	0
10308844_1	Q0	14358	0
10308844_1	Q0	145176	0
10308844_1	Q0	149181	0
10308844_1	Q0	152853	0
10308844_1	Q0	154657	0
10308844_1	Q0	161974	0
10308844_1	Q0	162097	0
10308844_1	Q0	163785	0
10308844_1	Q0	164384	0
10308844_1	Q0	166416	0
10308844_1	Q0	168216	0
10308844_1	Q0	17033	0
10308844_1	Q0	17297	0
10308844_1	Q0	17380	0
10308844_1	Q0	17391	0
10308844_1	Q0	17392	0
10308844_1	Q0	2140	0
10308844_1	Q0	25948	1
10308844_1	Q0	26222	0
10308844_1	Q0	27973	0
10308844_1	Q0	31268	0
10308844_1	Q0	38461	0
10308844_1	Q0	38681	0
10308844_1	Q0	41501	0
10308844_1	Q0	44838	0
10308844_1	Q0	52652	0
10308844_1	Q0	53637	0
10308844_1	Q0	53909	0
10308844_1	Q0	55179	0
10308844_1	Q0	58162	0
10308844_1	Q0	58358	0
10308844_1	Q0	59757	1
10308844_1	Q0	62902	0
10308844_1	Q0	63465	0
10308844_1	Q0	65350	0
10308844_1	Q0	66757	0
10308844_1	Q0	66929	0
10308844_1	Q0	66931	0
10308844_1	Q0	66943	0
10308844_1	Q0	66944	0
10308844_1	Q0	66945	0
10308844_1	Q0	66947	1
10308844_1	Q0	66949	0
10308844_1	Q0	66950	0
10308844_1	Q0	66951	0
10308844_1	Q0	66954	0
10308844_1	Q0	67437	0
10308844_1	Q0	67652	0
10308844_1	Q0	67900	0
10308844_1	Q0	68768	0
10308844_1	Q0	70291	1
10308844_1	Q0	74825	0
10308844_1	Q0	75375	0
10308844_1	Q0	79094	0
10308844_1	Q0	79289	0
10308844_1	Q0	80811	1
10308844_1	Q0	81189	0
10308844_1	Q0	81192	0
10308844_1	Q0	81194	0
10308844_1	Q0	81199	0
10308844_1	Q0	90854	0
10308844_1	Q0	93109	0
10308844_1	Q0	93579	0
10308844_1	Q0	93924	0
10308844_1	Q0	97652	0
10308844_19	Q0	104200	0
10308844_19	Q0	104636	0
10308844_19	Q0	105683	0
10308844_19	Q0	106937	0
10308844_19	Q0	10766	2
10308844_19	Q0	10914	0
10308844_19	Q0	109353	0
10308844_19	Q0	109591	0
10308844_19	Q0	111232	0
10308844_19	Q0	113459	0
10308844_19	Q0	116152	0
10308844_19	Q0	116368	0
10308844_19	Q0	118257	0
10308844_19	Q0	119391	0
10308844_19	Q0	122573	0
10308844_19	Q0	123540	0
10308844_19	Q0	125853	0
10308844_19	Q0	126542	2
10308844_19	Q0	128280	0
10308844_19	Q0	128283	0
10308844_19	Q0	128302	0
10308844_19	Q0	128338	0
10308844_19	Q0	128766	1
10308844_19	Q0	129503	0
10308844_19	Q0	132069	0
10308844_19	Q0	132207	0
10308844_19	Q0	133077	0
10308844_19	Q0	133789	0
10308844_19	Q0	133885	0
10308844_19	Q0	134447	0
10308844_19	Q0	134663	0
10308844_19	Q0	136922	0
10308844_19	Q0	138806	0
10308844_19	Q0	14042	2
10308844_19	Q0	141943	1
10308844_19	Q0	142221	0
10308844_19	Q0	142633	0
10308844_19	Q0	142852	0
10308844_19	Q0	143131	0
10308844_19	Q0	143209	0
10308844_19	Q0	146198	0
10308844_19	Q0	146365	0
10308844_19	Q0	148493	0
10308844_19	Q0	150024	0
10308844_19	Q0	153	0
10308844_19	Q0	153418	0
10308844_19	Q0	154059	0
10308844_19	Q0	154093	0
10308844_19	Q0	154370	0
10308844_19	Q0	155977	0
10308844_19	Q0	156912	0
10308844_19	Q0	161371	0
10308844_19	Q0	162529	0
10308844_19	Q0	162534	0
10308844_19	Q0	163265	0
10308844_19	Q0	163553	0
10308844_19	Q0	166322	0
10308844_19	Q0	166564	0
10308844_19	Q0	167158	0
10308844_19	Q0	167769	0
10308844_19	Q0	167976	0
10308844_19	Q0	16925	0
10308844_19	Q0	17236	0
10308844_19	Q0	22046	0
10308844_19	Q0	22125	0
10308844_19	Q0	2256	0
10308844_19	Q0	2393	0
10308844_19	Q0	24144	0
10308844_19	Q0	24796	0
10308844_19	Q0	25071	0
10308844_19	Q0	259	0
10308844_19	Q0	26012	2
10308844_19	Q0	27224	0
10308844_19	Q0	2918	0
10308844_19	Q0	36001	2
10308844_19	Q0	36498	1
10308844_19	Q0	37177	0
10308844_19	Q0	3741	0
10308844_19	Q0	37665	1
10308844_19	Q0	37832	0
10308844_19	Q0	37839	0
10308844_19	Q0	38412	0
10308844_19	Q0	38422	0
10308844_19	Q0	38423	0
10308844_19	Q0	38425	1
10308844_19	Q0	39274	0
10308844_19	Q0	4078	0
10308844_19	Q0	42579	0
10308844_19	Q0	42653	0
10308844_19	Q0	4655	0
10308844_19	Q0	48366	0
10308844_19	Q0	50208	0
10308844_19	Q0	50956	0
10308844_19	Q0	51603	0
10308844_19	Q0	53356	1
10308844_19	Q0	53983	0
10308844_19	Q0	56321	0
10308844_19	Q0	59124	0
10308844_19	Q0	59287	0
10308844_19	Q0	59565	0
10308844_19	Q0	59992	0
10308844_19	Q0	60016	0
10308844_19	Q0	61244	0
10308844_19	Q0	62929	0
10308844_19	Q0	65510	0
10308844_19	Q0	65515	0
10308844_19	Q0	65516	1
10308844_19	Q0	66822	0
10308844_19	Q0	68142	0
10308844_19	Q0	68263	0
10308844_19	Q0	6976	1
10308844_19	Q0	71032	0
10308844_19	Q0	71568	0
10308844_19	Q0	71917	0
10308844_19	Q0	74517	1
10308844_19	Q0	74898	0
10308844_19	Q0	75957	0
10308844_19	Q0	75963	0
10308844_19	Q0	79061	0
10308844_19	Q0	82869	0
10308844_19	Q0	8357	0
10308844_19	Q0	83605	0
10308844_19	Q0	87781	0
10308844_19	Q0	90062	0
10308844_19	Q0	90857	0
10308844_19	Q0	90860	0
10308844_19	Q0	91102	0
10308844_19	Q0	92685	1
10308844_19	Q0	92736	0
10308844_19	Q0	95005	0
10308844_19	Q0	9679	1
10308844_19	Q0	98274	0
10308844_19	Q0	98663	2
10308844_3	Q0	10130	1
10308844_3	Q0	104608	1
10308844_3	Q0	109229	1
10308844_3	Q0	109876	1
10308844_3	Q0	111762	2
10308844_3	Q0	11681	1
10308844_3	Q0	11703	1
10308844_3	Q0	120090	1
10308844_3	Q0	121512	0
10308844_3	Q0	123481	0
10308844_3	Q0	124043	0
10308844_3	Q0	128209	1
10308844_3	Q0	131952	0
10308844_3	Q0	135510	1
10308844_3	Q0	137197	0
10308844_3	Q0	13771	2
10308844_3	Q0	140307	1
10308844_3	Q0	140308	1
10308844_3	Q0	143281	1
10308844_3	Q0	143336	1
10308844_3	Q0	146957	0
10308844_3	Q0	151011	0
10308844_3	Q0	157093	1
10308844_3	Q0	157144	2
10308844_3	Q0	161555	0
10308844_3	Q0	163244	2
10308844_3	Q0	16637	1
10308844_3	Q0	18274	0
10308844_3	Q0	19736	0
10308844_3	Q0	2140	0
10308844_3	Q0	22331	1
10308844_3	Q0	26730	0
10308844_3	Q0	30666	1
10308844_3	Q0	30670	0
10308844_3	Q0	32138	1
10308844_3	Q0	33619	0
10308844_3	Q0	37528	1
10308844_3	Q0	42164	0
10308844_3	Q0	45926	1
10308844_3	Q0	45931	1
10308844_3	Q0	51045	0
10308844_3	Q0	51700	1
10308844_3	Q0	51775	1
10308844_3	Q0	51777	1
10308844_3	Q0	51780	1
10308844_3	Q0	52221	0
10308844_3	Q0	5291	1
10308844_3	Q0	53935	1
10308844_3	Q0	53939	1
10308844_3	Q0	54467	1
10308844_3	Q0	54794	1
10308844_3	Q0	59842	2
10308844_3	Q0	62902	0
10308844_3	Q0	68940	1
10308844_3	Q0	68988	1
10308844_3	Q0	71833	1
10308844_3	Q0	7360	0
10308844_3	Q0	78493	0
10308844_3	Q0	87660	1
10308844_3	Q0	94263	1
10308844_3	Q0	95777	0
10308844_6	Q0	100891	1
10308844_6	Q0	101026	2
10308844_6	Q0	101398	1
10308844_6	Q0	101401	0
10308844_6	Q0	102198	0
10308844_6	Q0	102200	0
10308844_6	Q0	105286	0
10308844_6	Q0	110367	0
10308844_6	Q0	111881	1
10308844_6	Q0	111902	1
10308844_6	Q0	116170	0
10308844_6	Q0	11893	0
10308844_6	Q0	119443	0
10308844_6	Q0	119860	0
10308844_6	Q0	122414	0
10308844_6	Q0	123623	1
10308844_6	Q0	132201	0
10308844_6	Q0	133519	0
10308844_6	Q0	134757	0
10308844_6	Q0	134874	0
10308844_6	Q0	13699	2
10308844_6	Q0	13701	0
10308844_6	Q0	13703	0
10308844_6	Q0	137219	0
10308844_6	Q0	13850	0
10308844_6	Q0	139514	0
10308844_6	Q0	139566	1
10308844_6	Q0	140843	1
10308844_6	Q0	144102	0
10308844_6	Q0	147643	0
10308844_6	Q0	148918	0
10308844_6	Q0	150934	0
10308844_6	Q0	151880	0
10308844_6	Q0	151909	0
10308844_6	Q0	152776	0
10308844_6	Q0	153264	0
10308844_6	Q0	153573	0
10308844_6	Q0	156895	0
10308844_6	Q0	156921	0
10308844_6	Q0	157138	0
10308844_6	Q0	161697	0
10308844_6	Q0	162797	1
10308844_6	Q0	165301	0
10308844_6	Q0	21393	0
10308844_6	Q0	2181	0
10308844_6	Q0	29415	0
10308844_6	Q0	29420	0
10308844_6	Q0	29596	0
10308844_6	Q0	35734	1
10308844_6	Q0	39123	0
10308844_6	Q0	39130	1
10308844_6	Q0	39156	1
10308844_6	Q0	39157	0
10308844_6	Q0	39160	1
10308844_6	Q0	39176	0
10308844_6	Q0	39187	0
10308844_6	Q0	39499	0
10308844_6	Q0	41354	1
10308844_6	Q0	43131	2
10308844_6	Q0	44195	0
10308844_6	Q0	44199	0
10308844_6	Q0	44207	0
10308844_6	Q0	45833	0
10308844_6	Q0	57115	0
10308844_6	Q0	5871	0
10308844_6	Q0	60283	0
10308844_6	Q0	64544	0
10308844_6	Q0	66140	0
10308844_6	Q0	72632	1
10308844_6	Q0	72790	0
10308844_6	Q0	73019	0
10308844_6	Q0	74437	0
10308844_6	Q0	77739	1
10308844_6	Q0	78966	0
10308844_6	Q0	80176	1
10308844_6	Q0	82854	0
10308844_6	Q0	84320	0
10308844_6	Q0	84967	1
10308844_6	Q0	86540	0
10308844_6	Q0	87690	1
10308844_6	Q0	88070	1
10308844_6	Q0	88072	1
10308844_6	Q0	88078	0
10308844_6	Q0	88301	0
10308844_6	Q0	88467	2
10308844_6	Q0	8917	0
10308844_6	Q0	8919	1
10308844_6	Q0	90728	0
10308844_6	Q0	91586	1
10308844_6	Q0	94001	1
10308844_6	Q0	96617	1
10308844_6	Q0	97199	1
1045635_13	Q0	103087	0
1045635_13	Q0	105792	0
1045635_13	Q0	110616	0
1045635_13	Q0	111140	0
1045635_13	Q0	11143	0
1045635_13	Q0	114576	0
1045635_13	Q0	114919	0
1045635_13	Q0	115293	0
1045635_13	Q0	115683	0
1045635_13	Q0	118442	0
1045635_13	Q0	121233	0
1045635_13	Q0	121886	0
1045635_13	Q0	123156	0
1045635_13	Q0	123158	0
1045635_13	Q0	123159	0
1045635_13	Q0	124555	0
1045635_13	Q0	125824	0
1045635_13	Q0	126263	0
1045635_13	Q0	126659	0
1045635_13	Q0	127748	0
1045635_13	Q0	132113	0
1045635_13	Q0	138078	0
1045635_13	Q0	138358	0
1045635_13	Q0	139463	0
1045635_13	Q0	139486	0
1045635_13	Q0	140086	0
1045635_13	Q0	142784	0
1045635_13	Q0	142918	0
1045635_13	Q0	145275	0
1045635_13	Q0	145485	0
1045635_13	Q0	147782	0
1045635_13	Q0	147783	0
1045635_13	Q0	147883	0
1045635_13	Q0	147884	0
1045635_13	Q0	147885	0
1045635_13	Q0	148242	0
1045635_13	Q0	148363	0
1045635_13	Q0	149003	0
1045635_13	Q0	14980	0
1045635_13	Q0	152852	2
1045635_13	Q0	152907	0
1045635_13	Q0	15404	0
1045635_13	Q0	156079	0
1045635_13	Q0	157053	0
1045635_13	Q0	157220	0
1045635_13	Q0	16327	0
1045635_13	Q0	165390	0
1045635_13	Q0	166394	0
1045635_13	Q0	167735	0
1045635_13	Q0	17592	0
1045635_13	Q0	1761	0
1045635_13	Q0	20594	0
1045635_13	Q0	32409	0
1045635_13	Q0	3292	0
1045635_13	Q0	33644	0
1045635_13	Q0	35027	0
1045635_13	Q0	4138	0
1045635_13	Q0	4206	0
1045635_13	Q0	4814	0
1045635_13	Q0	58109	0
1045635_13	Q0	58169	0
1045635_13	Q0	59277	0
1045635_13	Q0	60550	0
1045635_13	Q0	61531	0
1045635_13	Q0	6315	0
1045635_13	Q0	64539	0
1045635_13	Q0	6513	0
1045635_13	Q0	65757	0
1045635_13	Q0	66807	0
1045635_13	Q0	67349	0
1045635_13	Q0	67413	0
1045635_13	Q0	67617	0
1045635_13	Q0	6974	0
1045635_13	Q0	72281	0
1045635_13	Q0	74635	0
1045635_13	Q0	795	0
1045635_13	Q0	81792	0
1045635_13	Q0	81930	0
1045635_13	Q0	82026	0
1045635_13	Q0	84550	0
1045635_13	Q0	84716	1
1045635_13	Q0	85318	0
1045635_13	Q0	85864	0
1045635_13	Q0	87913	0
1045635_13	Q0	88277	0
1045635_13	Q0	90976	0
1045635_13	Q0	91793	0
1045635_13	Q0	96556	0
1045635_13	Q0	98789	0
1045635_13	Q0	99815	0
1045635_13	Q0	99816	1
1045635_13	Q0	99951	0
1045635_18	Q0	101620	0
1045635_18	Q0	106726	0
1045635_18	Q0	110804	0
1045635_18	Q0	116255	0
1045635_18	Q0	117635	0
1045635_18	Q0	117861	0
1045635_18	Q0	117862	0
1045635_18	Q0	117864	0
1045635_18	Q0	119368	0
1045635_18	Q0	126172	0
1045635_18	Q0	126896	0
1045635_18	Q0	127618	0
1045635_18	Q0	129799	0
1045635_18	Q0	131353	0
1045635_18	Q0	134883	0
1045635_18	Q0	144385	0
1045635_18	Q0	144934	0
1045635_18	Q0	14638	0
1045635_18	Q0	149962	0
1045635_18	Q0	15147	0
1045635_18	Q0	15149	0
1045635_18	Q0	154635	0
1045635_18	Q0	154636	0
1045635_18	Q0	158652	0
1045635_18	Q0	159273	0
1045635_18	Q0	160245	0
1045635_18	Q0	160403	0
1045635_18	Q0	16366	0
1045635_18	Q0	16367	0
1045635_18	Q0	16370	0
1045635_18	Q0	16376	0
1045635_18	Q0	16549	0
1045635_18	Q0	17130	0
1045635_18	Q0	18915	0
1045635_18	Q0	18919	0
1045635_18	Q0	19014	0
1045635_18	Q0	19100	0
1045635_18	Q0	19103	1
1045635_18	Q0	19104	0
1045635_18	Q0	23918	0
1045635_18	Q0	25341	0
1045635_18	Q0	26417	0
1045635_18	Q0	31064	0
1045635_18	Q0	32215	0
1045635_18	Q0	32216	0
1045635_18	Q0	32286	0
1045635_18	Q0	42276	0
1045635_18	Q0	46820	0
1045635_18	Q0	52958	0
1045635_18	Q0	55958	0
1045635_18	Q0	56457	0
1045635_18	Q0	59386	0
1045635_18	Q0	64114	0
1045635_18	Q0	64532	0
1045635_18	Q0	64535	0
1045635_18	Q0	65857	0
1045635_18	Q0	67276	0
1045635_18	Q0	70416	0
1045635_18	Q0	70471	0
1045635_18	Q0	70696	0
1045635_18	Q0	70705	0
1045635_18	Q0	70748	0
1045635_18	Q0	70783	0
1045635_18	Q0	70819	0
1045635_18	Q0	70825	0
1045635_18	Q0	74409	0
1045635_18	Q0	80270	0
1045635_18	Q0	8108	0
1045635_18	Q0	87820	0
1045635_18	Q0	90481	0
1045635_18	Q0	90505	0
1045635_18	Q0	91618	0
1045635_18	Q0	92430	0
1045635_18	Q0	92572	0
1045635_18	Q0	95790	0
1045635_18	Q0	96511	0
1045635_18	Q0	96934	0
1045635_18	Q0	99784	0
1045635_2	Q0	100018	0
1045635_2	Q0	103688	0
1045635_2	Q0	110633	0
1045635_2	Q0	110680	0
1045635_2	Q0	115311	0
1045635_2	Q0	118473	0
1045635_2	Q0	119217	0
1045635_2	Q0	120931	0
1045635_2	Q0	120932	0
1045635_2	Q0	121006	0
1045635_2	Q0	125066	0
1045635_2	Q0	125267	0
1045635_2	Q0	127039	0
1045635_2	Q0	129297	0
1045635_2	Q0	129900	0
1045635_2	Q0	131902	0
1045635_2	Q0	134356	0
1045635_2	Q0	139251	0
1045635_2	Q0	14128	0
1045635_2	Q0	143443	0
1045635_2	Q0	143564	0
1045635_2	Q0	144599	0
1045635_2	Q0	14637	0
1045635_2	Q0	161919	0
1045635_2	Q0	16288	0
1045635_2	Q0	166628	0
1045635_2	Q0	168217	1
1045635_2	Q0	19404	0
1045635_2	Q0	21839	0
1045635_2	Q0	24460	0
1045635_2	Q0	30423	0
1045635_2	Q0	31081	0
1045635_2	Q0	33176	0
1045635_2	Q0	34153	0
1045635_2	Q0	41226	0
1045635_2	Q0	41260	0
1045635_2	Q0	43822	0
1045635_2	Q0	45706	0
1045635_2	Q0	4829	0
1045635_2	Q0	51220	0
1045635_2	Q0	53845	0
1045635_2	Q0	60640	0
1045635_2	Q0	60641	0
1045635_2	Q0	62550	0
1045635_2	Q0	66965	0
1045635_2	Q0	67047	0
1045635_2	Q0	69603	0
1045635_2	Q0	69606	0
1045635_2	Q0	69707	0
1045635_2	Q0	70696	0
1045635_2	Q0	70774	0
1045635_2	Q0	70872	0
1045635_2	Q0	70973	0
1045635_2	Q0	74203	0
1045635_2	Q0	76682	0
1045635_2	Q0	76777	0
1045635_2	Q0	78748	0
1045635_2	Q0	79934	0
1045635_2	Q0	80192	0
1045635_2	Q0	81081	0
1045635_2	Q0	81616	0
1045635_2	Q0	82927	0
1045635_2	Q0	83976	0
1045635_2	Q0	84356	0
1045635_2	Q0	84359	0
1045635_2	Q0	85520	0
1045635_2	Q0	93135	0
1045635_2	Q0	93984	0
1045635_2	Q0	95772	0
1045635_2	Q0	96071	0
1045635_2	Q0	96072	0
1045635_2	Q0	9827	0
1045635_2	Q0	99139	0
1045635_2	Q0	99140	0
1045635_22	Q0	103129	0
1045635_22	Q0	103133	0
1045635_22	Q0	104263	0
1045635_22	Q0	104573	0
1045635_22	Q0	105679	0
1045635_22	Q0	106625	0
1045635_22	Q0	108799	0
1045635_22	Q0	109391	0
1045635_22	Q0	118375	0
1045635_22	Q0	118518	0
1045635_22	Q0	118520	0
1045635_22	Q0	118524	0
1045635_22	Q0	118525	0
1045635_22	Q0	119429	0
1045635_22	Q0	119687	0
1045635_22	Q0	12145	0
1045635_22	Q0	12152	0
1045635_22	Q0	123835	0
1045635_22	Q0	127471	0
1045635_22	Q0	131099	0
1045635_22	Q0	132186	0
1045635_22	Q0	132339	0
1045635_22	Q0	135001	0
1045635_22	Q0	13718	0
1045635_22	Q0	138881	0
1045635_22	Q0	139295	0
1045635_22	Q0	142593	0
1045635_22	Q0	14438	0
1045635_22	Q0	144397	0
1045635_22	Q0	144485	0
1045635_22	Q0	145609	0
1045635_22	Q0	145928	0
1045635_22	Q0	146234	0
1045635_22	Q0	148028	0
1045635_22	Q0	148525	0
1045635_22	Q0	153806	0
1045635_22	Q0	15613	0
1045635_22	Q0	156351	0
1045635_22	Q0	156626	0
1045635_22	Q0	156857	0
1045635_22	Q0	158993	0
1045635_22	Q0	159098	0
1045635_22	Q0	161052	0
1045635_22	Q0	161350	0
1045635_22	Q0	166	0
1045635_22	Q0	17867	0
1045635_22	Q0	22645	0
1045635_22	Q0	25286	0
1045635_22	Q0	29	0
1045635_22	Q0	2924	0
1045635_22	Q0	32036	0
1045635_22	Q0	3322	0
1045635_22	Q0	34307	0
1045635_22	Q0	34348	0
1045635_22	Q0	4666	0
1045635_22	Q0	49414	0
1045635_22	Q0	50845	0
1045635_22	Q0	5316	0
1045635_22	Q0	53335	0
1045635_22	Q0	53336	0
1045635_22	Q0	53958	0
1045635_22	Q0	54902	0
1045635_22	Q0	56885	0
1045635_22	Q0	58169	2
1045635_22	Q0	58775	0
1045635_22	Q0	59465	0
1045635_22	Q0	60360	0
1045635_22	Q0	60484	0
1045635_22	Q0	60485	0
1045635_22	Q0	61531	0
1045635_22	Q0	62737	0
1045635_22	Q0	63573	0
1045635_22	Q0	65831	0
1045635_22	Q0	65832	0
1045635_22	Q0	65836	0
1045635_22	Q0	65839	0
1045635_22	Q0	65845	0
1045635_22	Q0	67038	0
1045635_22	Q0	69672	0
1045635_22	Q0	70226	0
1045635_22	Q0	70608	0
1045635_22	Q0	70875	0
1045635_22	Q0	70893	0
1045635_22	Q0	75918	0
1045635_22	Q0	76162	2
1045635_22	Q0	77523	0
1045635_22	Q0	85440	0
1045635_22	Q0	85569	0
1045635_22	Q0	86803	0
1045635_22	Q0	86996	0
1045635_22	Q0	88637	0
1045635_22	Q0	88724	0
1045635_22	Q0	89567	0
1045635_22	Q0	89568	0
1045635_22	Q0	89569	0
1045635_22	Q0	91711	0
1045635_22	Q0	91853	0
1045635_22	Q0	92196	0
1045635_22	Q0	92522	0
1045635_22	Q0	94399	0
1045635_23	Q0	100472	0
1045635_23	Q0	10200	0
1045635_23	Q0	104208	0
1045635_23	Q0	104482	0
1045635_23	Q0	104487	0
1045635_23	Q0	104488	0
1045635_23	Q0	106513	0
1045635_23	Q0	106597	0
1045635_23	Q0	108390	0
1045635_23	Q0	108542	0
1045635_23	Q0	109931	0
1045635_23	Q0	110756	0
1045635_23	Q0	110937	0
1045635_23	Q0	113390	0
1045635_23	Q0	11352	0
1045635_23	Q0	113558	0
1045635_23	Q0	115366	0
1045635_23	Q0	116178	0
1045635_23	Q0	116179	0
1045635_23	Q0	117866	0
1045635_23	Q0	117867	0
1045635_23	Q0	117868	0
1045635_23	Q0	117870	0
1045635_23	Q0	118518	0
1045635_23	Q0	118520	0
1045635_23	Q0	119429	0
1045635_23	Q0	119507	0
1045635_23	Q0	119544	0
1045635_23	Q0	119550	0
1045635_23	Q0	121997	0
1045635_23	Q0	129592	0
1045635_23	Q0	129593	0
1045635_23	Q0	131426	0
1045635_23	Q0	132922	0
1045635_23	Q0	134877	0
1045635_23	Q0	135802	0
1045635_23	Q0	136917	0
1045635_23	Q0	139234	0
1045635_23	Q0	139295	0
1045635_23	Q0	140348	0
1045635_23	Q0	143484	0
1045635_23	Q0	144157	0
1045635_23	Q0	14438	0
1045635_23	Q0	145609	0
1045635_23	Q0	146234	0
1045635_23	Q0	146789	0
1045635_23	Q0	149443	0
1045635_23	Q0	150171	0
1045635_23	Q0	15617	0
1045635_23	Q0	158581	0
1045635_23	Q0	158993	0
1045635_23	Q0	160612	0
1045635_23	Q0	161052	0
1045635_23	Q0	162711	0
1045635_23	Q0	16580	0
1045635_23	Q0	166	0
1045635_23	Q0	17024	0
1045635_23	Q0	1767	0
1045635_23	Q0	17674	0
1045635_23	Q0	17879	0
1045635_23	Q0	18357	0
1045635_23	Q0	22213	0
1045635_23	Q0	22238	0
1045635_23	Q0	29991	0
1045635_23	Q0	33204	0
1045635_23	Q0	3322	0
1045635_23	Q0	34084	0
1045635_23	Q0	34242	0
1045635_23	Q0	35008	0
1045635_23	Q0	46018	0
1045635_23	Q0	4666	0
1045635_23	Q0	49414	0
1045635_23	Q0	53073	0
1045635_23	Q0	5316	0
1045635_23	Q0	56438	0
1045635_23	Q0	59573	0
1045635_23	Q0	61554	0
1045635_23	Q0	62737	0
1045635_23	Q0	62755	0
1045635_23	Q0	64539	0
1045635_23	Q0	64544	0
1045635_23	Q0	64545	0
1045635_23	Q0	64546	0
1045635_23	Q0	65189	0
1045635_23	Q0	65831	0
1045635_23	Q0	67379	0
1045635_23	Q0	67615	0
1045635_23	Q0	67656	0
1045635_23	Q0	67658	1
1045635_23	Q0	67663	0
1045635_23	Q0	68552	0
1045635_23	Q0	70475	0
1045635_23	Q0	70893	0
1045635_23	Q0	75558	0
1045635_23	Q0	75606	0
1045635_23	Q0	8141	0
1045635_23	Q0	8496	0
1045635_23	Q0	85440	0
1045635_23	Q0	862	0
1045635_23	Q0	867	0
1045635_23	Q0	88763	0
1045635_23	Q0	88772	0
1045635_23	Q0	90315	0
1045635_23	Q0	90317	0
1045635_23	Q0	90322	0
1045635_23	Q0	92075	0
1045635_23	Q0	93459	0
1045635_23	Q0	94390	0
1045635_23	Q0	94399	0
1045635_23	Q0	95618	0
1045635_23	Q0	99955	0
1045635_27	Q0	101491	0
1045635_27	Q0	103980	0
1045635_27	Q0	106081	0
1045635_27	Q0	110168	0
1045635_27	Q0	110497	1
1045635_27	Q0	110930	0
1045635_27	Q0	111062	0
1045635_27	Q0	115808	1
1045635_27	Q0	11678	0
1045635_27	Q0	117818	0
1045635_27	Q0	124970	0
1045635_27	Q0	129160	0
1045635_27	Q0	130834	0
1045635_27	Q0	131288	0
1045635_27	Q0	131800	0
1045635_27	Q0	13610	0
1045635_27	Q0	139102	0
1045635_27	Q0	143329	0
1045635_27	Q0	14444	0
1045635_27	Q0	14745	0
1045635_27	Q0	149670	0
1045635_27	Q0	152894	0
1045635_27	Q0	153975	0
1045635_27	Q0	1552	0
1045635_27	Q0	159691	0
1045635_27	Q0	162178	0
1045635_27	Q0	16292	0
1045635_27	Q0	16298	1
1045635_27	Q0	21601	1
1045635_27	Q0	21608	0
1045635_27	Q0	22378	0
1045635_27	Q0	27624	0
1045635_27	Q0	27626	0
1045635_27	Q0	29663	0
1045635_27	Q0	31286	0
1045635_27	Q0	31544	0
1045635_27	Q0	32150	0
1045635_27	Q0	34189	0
1045635_27	Q0	34806	0
1045635_27	Q0	34925	0
1045635_27	Q0	34942	2
1045635_27	Q0	34946	0
1045635_27	Q0	34949	0
1045635_27	Q0	35376	0
1045635_27	Q0	37884	0
1045635_27	Q0	37973	0
1045635_27	Q0	42118	0
1045635_27	Q0	47831	0
1045635_27	Q0	5046	0
1045635_27	Q0	50830	0
1045635_27	Q0	50990	0
1045635_27	Q0	51409	0
1045635_27	Q0	5430	0
1045635_27	Q0	58123	0
1045635_27	Q0	59905	0
1045635_27	Q0	60811	0
1045635_27	Q0	64124	0
1045635_27	Q0	70836	0
1045635_27	Q0	74300	0
1045635_27	Q0	74682	0
1045635_27	Q0	76767	0
1045635_27	Q0	77350	0
1045635_27	Q0	79331	0
1045635_27	Q0	80883	0
1045635_27	Q0	82488	0
1045635_27	Q0	82814	0
1045635_27	Q0	85263	0
1045635_27	Q0	88259	0
1045635_27	Q0	89260	0
1045635_27	Q0	94311	0
1045635_27	Q0	9491	0
1045635_28	Q0	1003	0
1045635_28	Q0	1016	0
1045635_28	Q0	102301	0
1045635_28	Q0	1046	0
1045635_28	Q0	105683	0
1045635_28	Q0	106038	0
1045635_28	Q0	109591	0
1045635_28	Q0	109931	0
1045635_28	Q0	110172	0
1045635_28	Q0	111859	0
1045635_28	Q0	111861	0
1045635_28	Q0	115078	0
1045635_28	Q0	118030	0
1045635_28	Q0	118121	0
1045635_28	Q0	119368	0
1045635_28	Q0	12454	0
1045635_28	Q0	13124	0
1045635_28	Q0	131338	0
1045635_28	Q0	131426	0
1045635_28	Q0	137947	0
1045635_28	Q0	139433	0
1045635_28	Q0	141066	0
1045635_28	Q0	143273	0
1045635_28	Q0	146365	0
1045635_28	Q0	146830	0
1045635_28	Q0	148493	0
1045635_28	Q0	148528	0
1045635_28	Q0	150806	0
1045635_28	Q0	151066	0
1045635_28	Q0	151327	0
1045635_28	Q0	153627	0
1045635_28	Q0	154093	0
1045635_28	Q0	159386	0
1045635_28	Q0	162529	0
1045635_28	Q0	163899	0
1045635_28	Q0	16580	0
1045635_28	Q0	168656	0
1045635_28	Q0	18357	0
1045635_28	Q0	18928	0
1045635_28	Q0	18929	0
1045635_28	Q0	19025	1
1045635_28	Q0	21837	0
1045635_28	Q0	22094	0
1045635_28	Q0	2291	0
1045635_28	Q0	25311	0
1045635_28	Q0	29758	0
1045635_28	Q0	3015	0
1045635_28	Q0	33065	0
1045635_28	Q0	33181	0
1045635_28	Q0	33197	0
1045635_28	Q0	34747	0
1045635_28	Q0	37177	0
1045635_28	Q0	38461	0
1045635_28	Q0	40085	0
1045635_28	Q0	40565	0
1045635_28	Q0	41497	0
1045635_28	Q0	44525	0
1045635_28	Q0	4630	0
1045635_28	Q0	4929	0
1045635_28	Q0	50208	0
1045635_28	Q0	54318	0
1045635_28	Q0	54324	0
1045635_28	Q0	56321	0
1045635_28	Q0	64134	0
1045635_28	Q0	66077	0
1045635_28	Q0	67905	0
1045635_28	Q0	70453	0
1045635_28	Q0	80404	0
1045635_28	Q0	87796	0
1045635_28	Q0	89060	0
1045635_28	Q0	9544	0
1045635_28	Q0	96378	0
1045635_33	Q0	106042	0
1045635_33	Q0	107924	0
1045635_33	Q0	110112	0
1045635_33	Q0	112201	0
1045635_33	Q0	114615	0
1045635_33	Q0	115169	0
1045635_33	Q0	119525	0
1045635_33	Q0	120785	0
1045635_33	Q0	120890	0
1045635_33	Q0	122355	0
1045635_33	Q0	13460	0
1045635_33	Q0	136897	0
1045635_33	Q0	137065	0
1045635_33	Q0	13847	0
1045635_33	Q0	146868	0
1045635_33	Q0	146870	0
1045635_33	Q0	147395	0
1045635_33	Q0	148337	0
1045635_33	Q0	151300	0
1045635_33	Q0	15179	0
1045635_33	Q0	152432	0
1045635_33	Q0	159438	0
1045635_33	Q0	162486	0
1045635_33	Q0	163364	0
1045635_33	Q0	163697	0
1045635_33	Q0	1813	0
1045635_33	Q0	19073	0
1045635_33	Q0	24921	0
1045635_33	Q0	28173	0
1045635_33	Q0	29064	0
1045635_33	Q0	29668	0
1045635_33	Q0	35673	0
1045635_33	Q0	37475	0
1045635_33	Q0	40500	0
1045635_33	Q0	41470	0
1045635_33	Q0	42366	0
1045635_33	Q0	43066	0
1045635_33	Q0	4425	0
1045635_33	Q0	44708	0
1045635_33	Q0	4940	0
1045635_33	Q0	50099	0
1045635_33	Q0	50535	1
1045635_33	Q0	51524	0
1045635_33	Q0	51981	0
1045635_33	Q0	5267	2
1045635_33	Q0	56131	0
1045635_33	Q0	56946	0
1045635_33	Q0	58427	0
1045635_33	Q0	62785	0
1045635_33	Q0	65510	0
1045635_33	Q0	65639	0
1045635_33	Q0	65798	0
1045635_33	Q0	68305	0
1045635_33	Q0	71552	0
1045635_33	Q0	72428	0
1045635_33	Q0	72432	0
1045635_33	Q0	76150	0
1045635_33	Q0	83270	0
1045635_33	Q0	84101	0
1045635_33	Q0	91165	0
1045635_33	Q0	91427	0
1045635_33	Q0	94789	0
1045635_33	Q0	9726	0
1045635_33	Q0	9749	0
1045635_33	Q0	9878	0
1045635_33	Q0	99484	0
1045635_33	Q0	99579	0
1045635_33	Q0	99581	0
1045635_33	Q0	99582	0
1045635_4	Q0	100836	0
1045635_4	Q0	101611	0
1045635_4	Q0	101686	1
1045635_4	Q0	102451	0
1045635_4	Q0	103172	0
1045635_4	Q0	103889	0
1045635_4	Q0	105607	0
1045635_4	Q0	106591	0
1045635_4	Q0	106614	0
1045635_4	Q0	107042	0
1045635_4	Q0	108876	0
1045635_4	Q0	114039	0
1045635_4	Q0	114409	0
1045635_4	Q0	114835	0
1045635_4	Q0	115329	0
1045635_4	Q0	115723	0
1045635_4	Q0	118160	0
1045635_4	Q0	118508	0
1045635_4	Q0	119067	0
1045635_4	Q0	119402	0
1045635_4	Q0	119646	0
1045635_4	Q0	121145	0
1045635_4	Q0	121240	0
1045635_4	Q0	122943	0
1045635_4	Q0	123667	0
1045635_4	Q0	125454	0
1045635_4	Q0	126672	0
1045635_4	Q0	127095	0
1045635_4	Q0	127921	0
1045635_4	Q0	132817	1
1045635_4	Q0	134594	0
1045635_4	Q0	134948	0
1045635_4	Q0	135127	0
1045635_4	Q0	137693	0
1045635_4	Q0	139241	0
1045635_4	Q0	140996	0
1045635_4	Q0	143492	0
1045635_4	Q0	144108	0
1045635_4	Q0	145292	0
1045635_4	Q0	145499	0
1045635_4	Q0	145511	0
1045635_4	Q0	146071	0
1045635_4	Q0	146366	0
1045635_4	Q0	14660	0
1045635_4	Q0	146644	0
1045635_4	Q0	146871	0
1045635_4	Q0	146872	0
1045635_4	Q0	147309	0
1045635_4	Q0	148207	0
1045635_4	Q0	149937	0
1045635_4	Q0	151066	0
1045635_4	Q0	152735	0
1045635_4	Q0	153486	0
1045635_4	Q0	157728	0
1045635_4	Q0	15937	0
1045635_4	Q0	164424	0
1045635_4	Q0	165144	0
1045635_4	Q0	166100	0
1045635_4	Q0	17621	0
1045635_4	Q0	17656	0
1045635_4	Q0	17881	0
1045635_4	Q0	1833	1
1045635_4	Q0	19104	0
1045635_4	Q0	23407	0
1045635_4	Q0	24164	0
1045635_4	Q0	29733	0
1045635_4	Q0	31444	0
1045635_4	Q0	33678	0
1045635_4	Q0	34098	0
1045635_4	Q0	34250	0
1045635_4	Q0	34306	0
1045635_4	Q0	35437	0
1045635_4	Q0	37825	0
1045635_4	Q0	38384	0
1045635_4	Q0	38424	0
1045635_4	Q0	38425	0
1045635_4	Q0	3917	0
1045635_4	Q0	42919	0
1045635_4	Q0	44149	0
1045635_4	Q0	44489	0
1045635_4	Q0	54935	0
1045635_4	Q0	59348	0
1045635_4	Q0	60984	0
1045635_4	Q0	64118	0
1045635_4	Q0	65570	0
1045635_4	Q0	65818	1
1045635_4	Q0	67543	0
1045635_4	Q0	68410	0
1045635_4	Q0	69083	0
1045635_4	Q0	70468	0
1045635_4	Q0	70596	0
1045635_4	Q0	70680	0
1045635_4	Q0	70712	0
1045635_4	Q0	70755	0
1045635_4	Q0	71338	0
1045635_4	Q0	75616	0
1045635_4	Q0	7852	0
1045635_4	Q0	7985	0
1045635_4	Q0	8233	0
1045635_4	Q0	85598	0
1045635_4	Q0	88860	0
1045635_4	Q0	92457	0
1045635_4	Q0	95024	0
1045635_4	Q0	96017	0
1045635_4	Q0	96480	0
1045635_4	Q0	97257	0
10733023_1	Q0	103087	0
10733023_1	Q0	109106	0
10733023_1	Q0	112563	0
10733023_1	Q0	114899	0
10733023_1	Q0	116057	0
10733023_1	Q0	116100	0
10733023_1	Q0	116444	0
10733023_1	Q0	117234	0
10733023_1	Q0	117650	0
10733023_1	Q0	117669	0
10733023_1	Q0	11839	0
10733023_1	Q0	118592	1
10733023_1	Q0	124480	0
10733023_1	Q0	12520	0
10733023_1	Q0	125283	0
10733023_1	Q0	131482	0
10733023_1	Q0	136395	0
10733023_1	Q0	137759	0
10733023_1	Q0	137889	0
10733023_1	Q0	138220	0
10733023_1	Q0	138462	0
10733023_1	Q0	145211	0
10733023_1	Q0	146564	0
10733023_1	Q0	148345	0
10733023_1	Q0	150101	0
10733023_1	Q0	150274	0
10733023_1	Q0	15063	0
10733023_1	Q0	156194	0
10733023_1	Q0	157121	0
10733023_1	Q0	157334	0
10733023_1	Q0	15933	0
10733023_1	Q0	161462	0
10733023_1	Q0	162040	0
10733023_1	Q0	163180	0
10733023_1	Q0	164966	0
10733023_1	Q0	165006	0
10733023_1	Q0	165757	0
10733023_1	Q0	168496	0
10733023_1	Q0	2408	0
10733023_1	Q0	26464	0
10733023_1	Q0	31554	0
10733023_1	Q0	33770	0
10733023_1	Q0	52181	0
10733023_1	Q0	58799	0
10733023_1	Q0	59801	0
10733023_1	Q0	60694	0
10733023_1	Q0	62087	0
10733023_1	Q0	63019	0
10733023_1	Q0	63552	0
10733023_1	Q0	65926	0
10733023_1	Q0	69901	0
10733023_1	Q0	7317	0
10733023_1	Q0	75860	0
10733023_1	Q0	79362	0
10733023_1	Q0	79589	0
10733023_1	Q0	81217	0
10733023_1	Q0	84184	0
10733023_1	Q0	95582	0
10733023_1	Q0	96886	0
10733023_1	Q0	97641	0
10733023_1	Q0	98575	0
10840657_6	Q0	102543	0
10840657_6	Q0	106967	1
10840657_6	Q0	110687	0
10840657_6	Q0	114323	0
10840657_6	Q0	117758	0
10840657_6	Q0	118559	0
10840657_6	Q0	119855	0
10840657_6	Q0	122408	0
10840657_6	Q0	124560	0
10840657_6	Q0	125331	0
10840657_6	Q0	127420	0
10840657_6	Q0	128192	0
10840657_6	Q0	131287	0
10840657_6	Q0	131471	0
10840657_6	Q0	133732	0
10840657_6	Q0	13617	0
10840657_6	Q0	137722	0
10840657_6	Q0	138921	0
10840657_6	Q0	141225	0
10840657_6	Q0	141244	0
10840657_6	Q0	146130	0
10840657_6	Q0	146370	0
10840657_6	Q0	151322	0
10840657_6	Q0	153081	0
10840657_6	Q0	15623	0
10840657_6	Q0	160480	0
10840657_6	Q0	164895	0
10840657_6	Q0	165382	0
10840657_6	Q0	165865	0
10840657_6	Q0	16642	0
10840657_6	Q0	16704	0
10840657_6	Q0	19351	0
10840657_6	Q0	23682	0
10840657_6	Q0	24144	0
10840657_6	Q0	25772	0
10840657_6	Q0	3018	0
10840657_6	Q0	35383	0
10840657_6	Q0	3589	0
10840657_6	Q0	38507	0
10840657_6	Q0	39307	0
10840657_6	Q0	40380	0
10840657_6	Q0	4084	0
10840657_6	Q0	42283	0
10840657_6	Q0	4256	0
10840657_6	Q0	53068	0
10840657_6	Q0	53439	0
10840657_6	Q0	57487	0
10840657_6	Q0	575	0
10840657_6	Q0	57891	0
10840657_6	Q0	57930	0
10840657_6	Q0	59436	0
10840657_6	Q0	60861	0
10840657_6	Q0	64419	0
10840657_6	Q0	64979	0
10840657_6	Q0	69335	0
10840657_6	Q0	732	0
10840657_6	Q0	73505	0
10840657_6	Q0	74703	0
10840657_6	Q0	77951	0
10840657_6	Q0	80524	0
10840657_6	Q0	80566	0
10840657_6	Q0	80709	0
10840657_6	Q0	82965	0
10840657_6	Q0	86892	0
10840657_6	Q0	8696	0
10840657_6	Q0	88035	0
10840657_6	Q0	90134	0
10840657_6	Q0	90993	0
10840657_6	Q0	95810	0
10840657_6	Q0	99138	0
11159517_1	Q0	104694	0
11159517_1	Q0	105821	0
11159517_1	Q0	108520	0
11159517_1	Q0	111901	1
11159517_1	Q0	112006	0
11159517_1	Q0	112286	0
11159517_1	Q0	113663	0
11159517_1	Q0	114159	1
11159517_1	Q0	114729	0
11159517_1	Q0	114730	0
11159517_1	Q0	115392	0
11159517_1	Q0	115475	0
11159517_1	Q0	116651	0
11159517_1	Q0	117937	0
11159517_1	Q0	118454	0
11159517_1	Q0	120440	0
11159517_1	Q0	121039	0
11159517_1	Q0	123367	0
11159517_1	Q0	123864	0
11159517_1	Q0	123928	0
11159517_1	Q0	126188	0
11159517_1	Q0	131124	0
11159517_1	Q0	134068	0
11159517_1	Q0	134408	0
11159517_1	Q0	137264	0
11159517_1	Q0	145776	0
11159517_1	Q0	148231	0
11159517_1	Q0	148751	0
11159517_1	Q0	150388	0
11159517_1	Q0	153247	0
11159517_1	Q0	157270	0
11159517_1	Q0	157837	0
11159517_1	Q0	161203	0
11159517_1	Q0	162606	0
11159517_1	Q0	163007	0
11159517_1	Q0	164167	0
11159517_1	Q0	165917	0
11159517_1	Q0	167424	0
11159517_1	Q0	168293	0
11159517_1	Q0	17051	0
11159517_1	Q0	20656	0
11159517_1	Q0	21524	0
11159517_1	Q0	23091	0
11159517_1	Q0	24968	0
11159517_1	Q0	25454	0
11159517_1	Q0	28896	0
11159517_1	Q0	29122	0
11159517_1	Q0	30588	0
11159517_1	Q0	33726	0
11159517_1	Q0	34553	0
11159517_1	Q0	36112	0
11159517_1	Q0	37291	0
11159517_1	Q0	4632	0
11159517_1	Q0	4766	0
11159517_1	Q0	49170	0
11159517_1	Q0	52083	0
11159517_1	Q0	53199	0
11159517_1	Q0	54418	0
11159517_1	Q0	5534	0
11159517_1	Q0	56460	0
11159517_1	Q0	56663	0
11159517_1	Q0	57572	0
11159517_1	Q0	60531	0
11159517_1	Q0	61157	0
11159517_1	Q0	68370	0
11159517_1	Q0	6914	0
11159517_1	Q0	69697	0
11159517_1	Q0	7244	0
11159517_1	Q0	73098	0
11159517_1	Q0	74995	0
11159517_1	Q0	75434	0
11159517_1	Q0	75452	0
11159517_1	Q0	77397	0
11159517_1	Q0	77588	0
11159517_1	Q0	77640	0
11159517_1	Q0	82374	0
11159517_1	Q0	8421	0
11159517_1	Q0	85108	0
11159517_1	Q0	86697	0
11159517_1	Q0	91985	0
11159517_1	Q0	93222	0
11159517_1	Q0	96957	0
11159517_6	Q0	109827	1
11159517_6	Q0	115788	0
11159517_6	Q0	118132	0
11159517_6	Q0	1193	1
11159517_6	Q0	125063	1
11159517_6	Q0	125064	0
11159517_6	Q0	127867	0
11159517_6	Q0	12996	0
11159517_6	Q0	137019	0
11159517_6	Q0	13773	0
11159517_6	Q0	143316	1
11159517_6	Q0	157954	1
11159517_6	Q0	158092	1
11159517_6	Q0	163147	1
11159517_6	Q0	163473	0
11159517_6	Q0	166344	2
11159517_6	Q0	16730	0
11159517_6	Q0	16734	1
11159517_6	Q0	16738	0
11159517_6	Q0	2330	0
11159517_6	Q0	2357	0
11159517_6	Q0	25880	0
11159517_6	Q0	3150	0
11159517_6	Q0	33418	2
11159517_6	Q0	33736	0
11159517_6	Q0	37297	0
11159517_6	Q0	38217	2
11159517_6	Q0	40280	0
11159517_6	Q0	4715	0
11159517_6	Q0	50565	2
11159517_6	Q0	52156	2
11159517_6	Q0	52158	1
11159517_6	Q0	62765	0
11159517_6	Q0	62766	2
11159517_6	Q0	62767	0
11159517_6	Q0	63269	1
11159517_6	Q0	65134	1
11159517_6	Q0	65391	0
11159517_6	Q0	68885	0
11159517_6	Q0	744	0
11159517_6	Q0	80726	0
11159517_6	Q0	80729	2
11159517_6	Q0	81066	1
11159517_6	Q0	83800	1
11159517_6	Q0	96396	1
11159517_6	Q0	97498	0
11159517_6	Q0	99058	1
11262510_7	Q0	104069	0
11262510_7	Q0	107301	0
11262510_7	Q0	111280	0
11262510_7	Q0	114519	0
11262510_7	Q0	115113	0
11262510_7	Q0	121935	0
11262510_7	Q0	121937	0
11262510_7	Q0	121939	0
11262510_7	Q0	122631	0
11262510_7	Q0	123118	0
11262510_7	Q0	124482	0
11262510_7	Q0	125822	0
11262510_7	Q0	125823	0
11262510_7	Q0	125824	1
11262510_7	Q0	125827	0
11262510_7	Q0	125984	0
11262510_7	Q0	125986	0
11262510_7	Q0	126381	0
11262510_7	Q0	127744	0
11262510_7	Q0	135304	0
11262510_7	Q0	139280	0
11262510_7	Q0	142920	0
11262510_7	Q0	145096	0
11262510_7	Q0	145097	0
11262510_7	Q0	145323	0
11262510_7	Q0	157145	0
11262510_7	Q0	163333	0
11262510_7	Q0	164871	0
11262510_7	Q0	165280	0
11262510_7	Q0	165557	1
11262510_7	Q0	168452	0
11262510_7	Q0	21392	0
11262510_7	Q0	2313	0
11262510_7	Q0	25071	0
11262510_7	Q0	27909	1
11262510_7	Q0	27914	0
11262510_7	Q0	27916	0
11262510_7	Q0	28845	0
11262510_7	Q0	32941	0
11262510_7	Q0	34806	0
11262510_7	Q0	35958	0
11262510_7	Q0	39772	0
11262510_7	Q0	44122	0
11262510_7	Q0	48574	0
11262510_7	Q0	54840	1
11262510_7	Q0	58116	1
11262510_7	Q0	5985	0
11262510_7	Q0	59992	0
11262510_7	Q0	60016	0
11262510_7	Q0	63030	0
11262510_7	Q0	67955	0
11262510_7	Q0	69264	1
11262510_7	Q0	72801	1
11262510_7	Q0	73005	0
11262510_7	Q0	73015	0
11262510_7	Q0	73016	0
11262510_7	Q0	78526	0
11262510_7	Q0	81312	0
11262510_7	Q0	83223	0
11262510_7	Q0	83225	0
11262510_7	Q0	83231	1
11262510_7	Q0	83236	0
11262510_7	Q0	83237	1
11262510_7	Q0	83239	1
11262510_7	Q0	83240	0
11262510_7	Q0	83244	0
11262510_7	Q0	84696	0
11262510_7	Q0	84964	0
11262510_7	Q0	88879	0
11262510_7	Q0	92070	0
11262510_7	Q0	94583	0
11262510_8	Q0	104680	1
11262510_8	Q0	105982	0
11262510_8	Q0	106448	1
11262510_8	Q0	106548	1
11262510_8	Q0	106549	0
11262510_8	Q0	108986	0
11262510_8	Q0	111285	0
11262510_8	Q0	113440	0
11262510_8	Q0	114636	0
11262510_8	Q0	118658	0
11262510_8	Q0	12201	0
11262510_8	Q0	123400	0
11262510_8	Q0	126065	0
11262510_8	Q0	128182	0
11262510_8	Q0	128554	0
11262510_8	Q0	129842	0
11262510_8	Q0	131655	0
11262510_8	Q0	133142	0
11262510_8	Q0	139246	0
11262510_8	Q0	150922	0
11262510_8	Q0	151582	0
11262510_8	Q0	161177	0
11262510_8	Q0	161395	0
11262510_8	Q0	16204	0
11262510_8	Q0	162916	0
11262510_8	Q0	166530	0
11262510_8	Q0	167428	0
11262510_8	Q0	167506	0
11262510_8	Q0	168210	0
11262510_8	Q0	1939	0
11262510_8	Q0	19858	0
11262510_8	Q0	22570	0
11262510_8	Q0	22629	0
11262510_8	Q0	22693	0
11262510_8	Q0	23127	0
11262510_8	Q0	24484	0
11262510_8	Q0	30605	0
11262510_8	Q0	32999	0
11262510_8	Q0	33001	0
11262510_8	Q0	33006	0
11262510_8	Q0	34512	0
11262510_8	Q0	35875	0
11262510_8	Q0	42342	0
11262510_8	Q0	43234	0
11262510_8	Q0	44800	0
11262510_8	Q0	46043	0
11262510_8	Q0	46049	1
11262510_8	Q0	47580	0
11262510_8	Q0	51958	0
11262510_8	Q0	52365	0
11262510_8	Q0	53265	0
11262510_8	Q0	56375	0
11262510_8	Q0	56426	0
11262510_8	Q0	62236	0
11262510_8	Q0	65383	0
11262510_8	Q0	66024	1
11262510_8	Q0	67169	1
11262510_8	Q0	67227	0
11262510_8	Q0	75270	0
11262510_8	Q0	76149	0
11262510_8	Q0	76252	0
11262510_8	Q0	76418	0
11262510_8	Q0	76875	0
11262510_8	Q0	76876	1
11262510_8	Q0	78817	0
11262510_8	Q0	8051	0
11262510_8	Q0	87898	0
11262510_8	Q0	87901	1
11262510_8	Q0	88244	0
11262510_8	Q0	89574	0
11262510_8	Q0	89807	0
11262510_8	Q0	92320	0
11262510_8	Q0	92328	0
11262510_8	Q0	93213	1
11262510_8	Q0	93502	0
11783119_8	Q0	100381	0
11783119_8	Q0	100472	0
11783119_8	Q0	100847	0
11783119_8	Q0	102301	0
11783119_8	Q0	10420	0
11783119_8	Q0	10907	0
11783119_8	Q0	113114	0
11783119_8	Q0	11421	0
11783119_8	Q0	116751	0
11783119_8	Q0	118275	0
11783119_8	Q0	119550	0
11783119_8	Q0	119746	0
11783119_8	Q0	121003	0
11783119_8	Q0	124719	0
11783119_8	Q0	12565	0
11783119_8	Q0	127341	0
11783119_8	Q0	128639	1
11783119_8	Q0	128660	0
11783119_8	Q0	129228	0
11783119_8	Q0	12982	0
11783119_8	Q0	13000	0
11783119_8	Q0	130518	0
11783119_8	Q0	133534	0
11783119_8	Q0	134010	0
11783119_8	Q0	138334	0
11783119_8	Q0	139433	0
11783119_8	Q0	139462	0
11783119_8	Q0	140348	0
11783119_8	Q0	141556	0
11783119_8	Q0	143010	0
11783119_8	Q0	143701	0
11783119_8	Q0	14501	0
11783119_8	Q0	145251	0
11783119_8	Q0	145622	0
11783119_8	Q0	146650	0
11783119_8	Q0	146874	0
11783119_8	Q0	148423	0
11783119_8	Q0	149289	0
11783119_8	Q0	153368	0
11783119_8	Q0	153486	0
11783119_8	Q0	153629	0
11783119_8	Q0	154841	0
11783119_8	Q0	154842	0
11783119_8	Q0	155556	0
11783119_8	Q0	156839	0
11783119_8	Q0	157067	0
11783119_8	Q0	159386	0
11783119_8	Q0	159425	0
11783119_8	Q0	16496	0
11783119_8	Q0	166139	0
11783119_8	Q0	1664	0
11783119_8	Q0	17134	0
11783119_8	Q0	17232	0
11783119_8	Q0	17899	0
11783119_8	Q0	19044	0
11783119_8	Q0	29735	0
11783119_8	Q0	30936	0
11783119_8	Q0	30939	0
11783119_8	Q0	34052	0
11783119_8	Q0	34250	0
11783119_8	Q0	34417	0
11783119_8	Q0	35770	0
11783119_8	Q0	36485	1
11783119_8	Q0	37371	0
11783119_8	Q0	37943	0
11783119_8	Q0	37944	0
11783119_8	Q0	38541	0
11783119_8	Q0	39973	0
11783119_8	Q0	41497	0
11783119_8	Q0	42003	0
11783119_8	Q0	42013	0
11783119_8	Q0	42578	0
11783119_8	Q0	45360	0
11783119_8	Q0	50399	0
11783119_8	Q0	51681	0
11783119_8	Q0	53073	0
11783119_8	Q0	53481	0
11783119_8	Q0	54116	0
11783119_8	Q0	54324	0
11783119_8	Q0	56881	0
11783119_8	Q0	57562	0
11783119_8	Q0	59463	0
11783119_8	Q0	60068	0
11783119_8	Q0	60483	0
11783119_8	Q0	61554	0
11783119_8	Q0	61642	0
11783119_8	Q0	62773	0
11783119_8	Q0	64418	0
11783119_8	Q0	65569	0
11783119_8	Q0	65570	0
11783119_8	Q0	66040	0
11783119_8	Q0	67901	0
11783119_8	Q0	70653	0
11783119_8	Q0	70682	0
11783119_8	Q0	70836	0
11783119_8	Q0	71359	0
11783119_8	Q0	78929	0
11783119_8	Q0	80007	0
11783119_8	Q0	80245	0
11783119_8	Q0	80411	0
11783119_8	Q0	844	0
11783119_8	Q0	86283	0
11783119_8	Q0	86529	0
11783119_8	Q0	87285	0
11783119_8	Q0	88750	0
11783119_8	Q0	89246	0
11783119_8	Q0	91661	0
11783119_8	Q0	94260	0
11783119_8	Q0	94744	0
11783119_8	Q0	96520	0
11783119_8	Q0	97257	0
11783119_8	Q0	97656	0
11783119_8	Q0	98726	0
11783119_8	Q0	9954	0
11783119_8	Q0	99779	0
12099405_3	Q0	101379	0
12099405_3	Q0	101527	0
12099405_3	Q0	105590	0
12099405_3	Q0	10601	0
12099405_3	Q0	106075	0
12099405_3	Q0	106077	0
12099405_3	Q0	108049	0
12099405_3	Q0	109902	1
12099405_3	Q0	109944	0
12099405_3	Q0	110900	0
12099405_3	Q0	11148	0
12099405_3	Q0	11155	0
12099405_3	Q0	11157	0
12099405_3	Q0	11365	0
12099405_3	Q0	116546	0
12099405_3	Q0	116914	0
12099405_3	Q0	11727	0
12099405_3	Q0	119781	0
12099405_3	Q0	119782	0
12099405_3	Q0	121812	0
12099405_3	Q0	12452	0
12099405_3	Q0	128911	0
12099405_3	Q0	131076	0
12099405_3	Q0	131945	0
12099405_3	Q0	131946	0
12099405_3	Q0	135982	0
12099405_3	Q0	136369	0
12099405_3	Q0	136482	0
12099405_3	Q0	136491	0
12099405_3	Q0	138735	0
12099405_3	Q0	142327	0
12099405_3	Q0	150106	0
12099405_3	Q0	150754	0
12099405_3	Q0	151646	0
12099405_3	Q0	154710	0
12099405_3	Q0	160516	0
12099405_3	Q0	163440	0
12099405_3	Q0	18061	0
12099405_3	Q0	1821	0
12099405_3	Q0	21425	0
12099405_3	Q0	24813	1
12099405_3	Q0	24867	0
12099405_3	Q0	2692	0
12099405_3	Q0	27261	0
12099405_3	Q0	27454	0
12099405_3	Q0	30134	0
12099405_3	Q0	37064	0
12099405_3	Q0	4025	0
12099405_3	Q0	42466	0
12099405_3	Q0	42899	0
12099405_3	Q0	43240	0
12099405_3	Q0	43276	0
12099405_3	Q0	43502	0
12099405_3	Q0	43508	0
12099405_3	Q0	43970	0
12099405_3	Q0	47667	0
12099405_3	Q0	49740	0
12099405_3	Q0	49748	0
12099405_3	Q0	49771	0
12099405_3	Q0	49778	0
12099405_3	Q0	49782	0
12099405_3	Q0	50641	0
12099405_3	Q0	51845	0
12099405_3	Q0	52669	0
12099405_3	Q0	5644	0
12099405_3	Q0	68224	0
12099405_3	Q0	77402	0
12099405_3	Q0	83704	0
12099405_3	Q0	8747	0
12099405_3	Q0	87645	0
12099405_3	Q0	87646	0
12099405_3	Q0	87648	0
12099405_3	Q0	87649	0
12099405_3	Q0	93741	0
12099405_3	Q0	95435	0
12099405_3	Q0	95436	0
12099405_3	Q0	95437	0
12099405_3	Q0	95438	0
12099405_3	Q0	95440	0
12099405_3	Q0	95441	0
12099405_3	Q0	95442	0
12099405_3	Q0	95443	0
12099405_3	Q0	95445	0
12099405_3	Q0	95446	0
12099405_3	Q0	95448	0
12099405_3	Q0	95450	0
12099405_3	Q0	95454	0
12099405_3	Q0	95456	0
12099405_3	Q0	96623	0
12099405_3	Q0	96686	0
12099405_3	Q0	9694	0
12099405_3	Q0	98376	0
12099405_3	Q0	98916	0
12099405_3	Q0	99066	0
12099405_3	Q0	99099	0
1379196_18	Q0	101736	0
1379196_18	Q0	10231	0
1379196_18	Q0	104102	0
1379196_18	Q0	104264	0
1379196_18	Q0	105118	0
1379196_18	Q0	106116	0
1379196_18	Q0	110633	0
1379196_18	Q0	110761	1
1379196_18	Q0	114646	0
1379196_18	Q0	117397	0
1379196_18	Q0	118025	0
1379196_18	Q0	118408	0
1379196_18	Q0	119187	0
1379196_18	Q0	119511	0
1379196_18	Q0	120820	0
1379196_18	Q0	120855	0
1379196_18	Q0	121188	0
1379196_18	Q0	122110	0
1379196_18	Q0	122373	0
1379196_18	Q0	124631	0
1379196_18	Q0	124781	0
1379196_18	Q0	125339	0
1379196_18	Q0	126356	0
1379196_18	Q0	133177	0
1379196_18	Q0	139263	0
1379196_18	Q0	142116	0
1379196_18	Q0	143471	0
1379196_18	Q0	148211	0
1379196_18	Q0	151542	0
1379196_18	Q0	1516	0
1379196_18	Q0	153174	0
1379196_18	Q0	156428	0
1379196_18	Q0	162462	0
1379196_18	Q0	163152	0
1379196_18	Q0	165672	0
1379196_18	Q0	165751	0
1379196_18	Q0	166724	0
1379196_18	Q0	167319	0
1379196_18	Q0	17444	0
1379196_18	Q0	19008	0
1379196_18	Q0	19145	0
1379196_18	Q0	19264	0
1379196_18	Q0	19273	0
1379196_18	Q0	21376	0
1379196_18	Q0	22199	0
1379196_18	Q0	22380	0
1379196_18	Q0	25269	0
1379196_18	Q0	25991	0
1379196_18	Q0	2800	0
1379196_18	Q0	2813	0
1379196_18	Q0	32674	0
1379196_18	Q0	32675	0
1379196_18	Q0	32757	0
1379196_18	Q0	33209	0
1379196_18	Q0	34047	0
1379196_18	Q0	34317	0
1379196_18	Q0	34389	0
1379196_18	Q0	39647	0
1379196_18	Q0	43365	0
1379196_18	Q0	44007	0
1379196_18	Q0	50917	0
1379196_18	Q0	52945	0
1379196_18	Q0	53085	0
1379196_18	Q0	56403	0
1379196_18	Q0	58136	1
1379196_18	Q0	58347	0
1379196_18	Q0	60482	0
1379196_18	Q0	63532	0
1379196_18	Q0	65622	0
1379196_18	Q0	663	0
1379196_18	Q0	67414	0
1379196_18	Q0	69589	0
1379196_18	Q0	6997	0
1379196_18	Q0	70552	0
1379196_18	Q0	70561	0
1379196_18	Q0	70564	0
1379196_18	Q0	70640	0
1379196_18	Q0	70825	0
1379196_18	Q0	71222	0
1379196_18	Q0	7259	0
1379196_18	Q0	75066	0
1379196_18	Q0	75472	0
1379196_18	Q0	77104	0
1379196_18	Q0	7913	0
1379196_18	Q0	7933	0
1379196_18	Q0	79986	0
1379196_18	Q0	8001	0
1379196_18	Q0	81585	0
1379196_18	Q0	82768	0
1379196_18	Q0	84555	0
1379196_18	Q0	85558	0
1379196_18	Q0	85564	0
1379196_18	Q0	87918	0
1379196_18	Q0	88240	0
1379196_18	Q0	88749	0
1379196_18	Q0	89501	0
1379196_18	Q0	89767	0
1379196_18	Q0	93166	0
1379196_18	Q0	93802	0
1379196_18	Q0	9440	0
1379196_18	Q0	9441	0
1379196_18	Q0	95578	0
1379196_18	Q0	96083	0
1379196_18	Q0	99501	0
1379196_18	Q0	99575	0
1379196_3	Q0	101841	0
1379196_3	Q0	107150	0
1379196_3	Q0	109422	0
1379196_3	Q0	109460	0
1379196_3	Q0	110734	0
1379196_3	Q0	116546	0
1379196_3	Q0	117342	0
1379196_3	Q0	126999	0
1379196_3	Q0	127025	0
1379196_3	Q0	127266	0
1379196_3	Q0	129809	1
1379196_3	Q0	131374	0
1379196_3	Q0	131478	0
1379196_3	Q0	132122	0
1379196_3	Q0	132941	0
1379196_3	Q0	136542	0
1379196_3	Q0	137204	0
1379196_3	Q0	138142	0
1379196_3	Q0	141364	1
1379196_3	Q0	143582	0
1379196_3	Q0	144925	0
1379196_3	Q0	145352	0
1379196_3	Q0	146029	0
1379196_3	Q0	146424	0
1379196_3	Q0	151570	0
1379196_3	Q0	152690	0
1379196_3	Q0	152700	0
1379196_3	Q0	154598	0
1379196_3	Q0	156722	0
1379196_3	Q0	157294	0
1379196_3	Q0	158647	0
1379196_3	Q0	159836	0
1379196_3	Q0	160461	0
1379196_3	Q0	160950	0
1379196_3	Q0	162317	0
1379196_3	Q0	162831	0
1379196_3	Q0	162838	0
1379196_3	Q0	164194	0
1379196_3	Q0	166465	0
1379196_3	Q0	167833	0
1379196_3	Q0	18362	0
1379196_3	Q0	20326	0
1379196_3	Q0	2198	0
1379196_3	Q0	22947	2
1379196_3	Q0	22951	0
1379196_3	Q0	24164	0
1379196_3	Q0	25546	0
1379196_3	Q0	26427	0
1379196_3	Q0	29813	0
1379196_3	Q0	3284	0
1379196_3	Q0	35868	0
1379196_3	Q0	36020	0
1379196_3	Q0	36449	0
1379196_3	Q0	37393	0
1379196_3	Q0	39734	0
1379196_3	Q0	39968	0
1379196_3	Q0	45130	0
1379196_3	Q0	45567	0
1379196_3	Q0	4729	0
1379196_3	Q0	47476	0
1379196_3	Q0	4955	0
1379196_3	Q0	52541	0
1379196_3	Q0	52881	0
1379196_3	Q0	60695	0
1379196_3	Q0	61663	0
1379196_3	Q0	61671	0
1379196_3	Q0	61710	0
1379196_3	Q0	62067	0
1379196_3	Q0	66870	0
1379196_3	Q0	67935	0
1379196_3	Q0	70	0
1379196_3	Q0	71622	0
1379196_3	Q0	72483	0
1379196_3	Q0	72550	0
1379196_3	Q0	7345	0
1379196_3	Q0	7381	0
1379196_3	Q0	74466	0
1379196_3	Q0	75039	0
1379196_3	Q0	76607	1
1379196_3	Q0	76609	1
1379196_3	Q0	81197	0
1379196_3	Q0	84525	0
1379196_3	Q0	85408	0
1379196_3	Q0	87606	0
1379196_3	Q0	87765	0
1379196_3	Q0	89331	0
1379196_3	Q0	90207	0
1379196_3	Q0	90642	0
1379196_3	Q0	92070	0
1379196_3	Q0	92681	0
1379196_3	Q0	93487	0
1379196_3	Q0	93488	0
1379196_3	Q0	93988	0
1379196_3	Q0	94253	1
1379196_3	Q0	94633	0
1379196_47	Q0	101986	1
1379196_47	Q0	102190	0
1379196_47	Q0	108349	0
1379196_47	Q0	111872	0
1379196_47	Q0	11541	0
1379196_47	Q0	115641	0
1379196_47	Q0	116798	1
1379196_47	Q0	11687	0
1379196_47	Q0	117143	2
1379196_47	Q0	118375	0
1379196_47	Q0	12644	0
1379196_47	Q0	139715	0
1379196_47	Q0	140560	0
1379196_47	Q0	145927	2
1379196_47	Q0	146366	1
1379196_47	Q0	153553	0
1379196_47	Q0	15613	1
1379196_47	Q0	156927	0
1379196_47	Q0	157256	0
1379196_47	Q0	15769	0
1379196_47	Q0	158354	0
1379196_47	Q0	160274	0
1379196_47	Q0	16090	0
1379196_47	Q0	162809	0
1379196_47	Q0	164410	0
1379196_47	Q0	165058	0
1379196_47	Q0	1696	0
1379196_47	Q0	19070	0
1379196_47	Q0	24321	0
1379196_47	Q0	24509	1
1379196_47	Q0	31088	0
1379196_47	Q0	31180	0
1379196_47	Q0	31209	0
1379196_47	Q0	33069	0
1379196_47	Q0	33286	0
1379196_47	Q0	33584	0
1379196_47	Q0	34209	1
1379196_47	Q0	36484	0
1379196_47	Q0	36846	0
1379196_47	Q0	44133	0
1379196_47	Q0	45121	0
1379196_47	Q0	47980	0
1379196_47	Q0	53336	0
1379196_47	Q0	53504	0
1379196_47	Q0	56529	0
1379196_47	Q0	60484	0
1379196_47	Q0	60485	0
1379196_47	Q0	612	0
1379196_47	Q0	6315	0
1379196_47	Q0	63386	0
1379196_47	Q0	67961	0
1379196_47	Q0	71629	0
1379196_47	Q0	77181	0
1379196_47	Q0	86803	0
1379196_47	Q0	91899	0
1379196_47	Q0	92227	0
1379196_47	Q0	94235	1
1379196_47	Q0	94239	1
1379196_47	Q0	94243	0
1379196_64	Q0	102084	0
1379196_64	Q0	102085	0
1379196_64	Q0	102151	0
1379196_64	Q0	108644	0
1379196_64	Q0	113365	2
1379196_64	Q0	113491	0
1379196_64	Q0	116165	0
1379196_64	Q0	117894	0
1379196_64	Q0	121526	0
1379196_64	Q0	137327	0
1379196_64	Q0	139491	0
1379196_64	Q0	139492	0
1379196_64	Q0	144964	0
1379196_64	Q0	153421	0
1379196_64	Q0	154104	1
1379196_64	Q0	162127	0
1379196_64	Q0	165788	0
1379196_64	Q0	17996	0
1379196_64	Q0	22482	0
1379196_64	Q0	25602	0
1379196_64	Q0	31862	0
1379196_64	Q0	42255	0
1379196_64	Q0	42594	0
1379196_64	Q0	44120	0
1379196_64	Q0	44334	0
1379196_64	Q0	44976	0
1379196_64	Q0	47157	0
1379196_64	Q0	54797	0
1379196_64	Q0	56298	0
1379196_64	Q0	57115	0
1379196_64	Q0	58494	0
1379196_64	Q0	68643	0
1379196_64	Q0	7024	0
1379196_64	Q0	75265	0
1379196_64	Q0	76084	0
1379196_64	Q0	80214	0
1379196_64	Q0	80587	0
1379196_64	Q0	85650	0
1379196_64	Q0	92437	0
1379196_64	Q0	97421	0
1379196_64	Q0	9757	0
1379196_7	Q0	107790	0
1379196_7	Q0	109914	0
1379196_7	Q0	11001	0
1379196_7	Q0	111246	0
1379196_7	Q0	111659	0
1379196_7	Q0	111661	0
1379196_7	Q0	113425	0
1379196_7	Q0	114778	0
1379196_7	Q0	1150	0
1379196_7	Q0	115643	0
1379196_7	Q0	116319	0
1379196_7	Q0	116879	0
1379196_7	Q0	122254	0
1379196_7	Q0	123771	0
1379196_7	Q0	128605	0
1379196_7	Q0	133307	0
1379196_7	Q0	133806	0
1379196_7	Q0	133909	0
1379196_7	Q0	136223	0
1379196_7	Q0	14323	0
1379196_7	Q0	144544	0
1379196_7	Q0	144667	0
1379196_7	Q0	145074	0
1379196_7	Q0	145318	0
1379196_7	Q0	146588	0
1379196_7	Q0	147354	0
1379196_7	Q0	148203	0
1379196_7	Q0	149463	0
1379196_7	Q0	150325	0
1379196_7	Q0	15096	0
1379196_7	Q0	151987	0
1379196_7	Q0	152125	0
1379196_7	Q0	153896	0
1379196_7	Q0	154078	0
1379196_7	Q0	158544	0
1379196_7	Q0	162343	0
1379196_7	Q0	165424	0
1379196_7	Q0	1813	0
1379196_7	Q0	18291	0
1379196_7	Q0	1832	0
1379196_7	Q0	19790	0
1379196_7	Q0	20938	0
1379196_7	Q0	22401	0
1379196_7	Q0	31404	0
1379196_7	Q0	33143	0
1379196_7	Q0	33580	0
1379196_7	Q0	37414	0
1379196_7	Q0	38260	0
1379196_7	Q0	38324	1
1379196_7	Q0	39485	0
1379196_7	Q0	4521	0
1379196_7	Q0	45300	0
1379196_7	Q0	4855	0
1379196_7	Q0	49504	0
1379196_7	Q0	49509	0
1379196_7	Q0	55117	0
1379196_7	Q0	58479	0
1379196_7	Q0	60444	0
1379196_7	Q0	62249	0
1379196_7	Q0	6477	0
1379196_7	Q0	66144	0
1379196_7	Q0	69258	0
1379196_7	Q0	71789	0
1379196_7	Q0	71799	0
1379196_7	Q0	74613	0
1379196_7	Q0	75762	0
1379196_7	Q0	76750	0
1379196_7	Q0	80787	0
1379196_7	Q0	81463	0
1379196_7	Q0	83559	0
1379196_7	Q0	83911	0
1379196_7	Q0	86890	0
1379196_7	Q0	8706	0
1379196_7	Q0	8771	0
1379196_7	Q0	8806	0
1379196_7	Q0	88593	0
1379196_7	Q0	90816	0
1379196_7	Q0	91497	0
1379196_7	Q0	93253	0
1379196_7	Q0	95705	0
1379196_7	Q0	95722	0
13999622_2	Q0	102372	1
13999622_2	Q0	10782	1
13999622_2	Q0	10974	0
13999622_2	Q0	110263	0
13999622_2	Q0	110424	0
13999622_2	Q0	114356	1
13999622_2	Q0	114778	0
13999622_2	Q0	119207	0
13999622_2	Q0	121902	0
13999622_2	Q0	128833	0
13999622_2	Q0	131701	0
13999622_2	Q0	13501	0
13999622_2	Q0	135488	0
13999622_2	Q0	138581	0
13999622_2	Q0	13867	2
13999622_2	Q0	146019	0
13999622_2	Q0	146073	1
13999622_2	Q0	151720	1
13999622_2	Q0	152275	0
13999622_2	Q0	154998	0
13999622_2	Q0	15512	1
13999622_2	Q0	158346	0
13999622_2	Q0	158446	0
13999622_2	Q0	158796	0
13999622_2	Q0	15896	1
13999622_2	Q0	162044	0
13999622_2	Q0	164042	2
13999622_2	Q0	164390	0
13999622_2	Q0	166224	0
13999622_2	Q0	167577	0
13999622_2	Q0	17015	0
13999622_2	Q0	17993	2
13999622_2	Q0	23825	0
13999622_2	Q0	26861	0
13999622_2	Q0	28514	2
13999622_2	Q0	30748	0
13999622_2	Q0	31710	0
13999622_2	Q0	3241	0
13999622_2	Q0	33090	0
13999622_2	Q0	33585	0
13999622_2	Q0	33790	0
13999622_2	Q0	34132	0
13999622_2	Q0	37296	0
13999622_2	Q0	37866	0
13999622_2	Q0	38154	0
13999622_2	Q0	40020	1
13999622_2	Q0	40076	2
13999622_2	Q0	44373	0
13999622_2	Q0	44408	0
13999622_2	Q0	47860	2
13999622_2	Q0	48253	1
13999622_2	Q0	48403	0
13999622_2	Q0	4841	0
13999622_2	Q0	49536	0
13999622_2	Q0	50636	0
13999622_2	Q0	50704	0
13999622_2	Q0	5157	0
13999622_2	Q0	52122	0
13999622_2	Q0	52178	1
13999622_2	Q0	52188	1
13999622_2	Q0	52349	0
13999622_2	Q0	53954	0
13999622_2	Q0	54754	0
13999622_2	Q0	58224	0
13999622_2	Q0	58539	1
13999622_2	Q0	59101	0
13999622_2	Q0	60373	0
13999622_2	Q0	61234	0
13999622_2	Q0	62146	0
13999622_2	Q0	62324	0
13999622_2	Q0	6367	0
13999622_2	Q0	68613	0
13999622_2	Q0	68638	0
13999622_2	Q0	78607	0
13999622_2	Q0	80347	0
13999622_2	Q0	81471	0
13999622_2	Q0	83270	0
13999622_2	Q0	8581	0
13999622_2	Q0	90861	0
13999622_2	Q0	9228	2
13999622_2	Q0	99961	0
1490619_14	Q0	10039	0
1490619_14	Q0	104766	0
1490619_14	Q0	107413	0
1490619_14	Q0	114355	0
1490619_14	Q0	115989	0
1490619_14	Q0	120266	0
1490619_14	Q0	121558	0
1490619_14	Q0	130201	0
1490619_14	Q0	130224	0
1490619_14	Q0	13156	0
1490619_14	Q0	131623	0
1490619_14	Q0	133027	0
1490619_14	Q0	134541	0
1490619_14	Q0	134855	0
1490619_14	Q0	137218	1
1490619_14	Q0	138440	0
1490619_14	Q0	140747	0
1490619_14	Q0	141237	0
1490619_14	Q0	145579	0
1490619_14	Q0	14606	0
1490619_14	Q0	150785	1
1490619_14	Q0	151666	0
1490619_14	Q0	152525	0
1490619_14	Q0	153080	0
1490619_14	Q0	153575	1
1490619_14	Q0	157283	1
1490619_14	Q0	157750	0
1490619_14	Q0	159638	0
1490619_14	Q0	16144	0
1490619_14	Q0	164537	0
1490619_14	Q0	166351	0
1490619_14	Q0	166353	1
1490619_14	Q0	167897	0
1490619_14	Q0	19041	0
1490619_14	Q0	19964	1
1490619_14	Q0	2140	0
1490619_14	Q0	21913	0
1490619_14	Q0	2715	0
1490619_14	Q0	33104	0
1490619_14	Q0	3539	0
1490619_14	Q0	36187	0
1490619_14	Q0	3759	0
1490619_14	Q0	39250	0
1490619_14	Q0	39994	1
1490619_14	Q0	42100	0
1490619_14	Q0	42106	0
1490619_14	Q0	47138	0
1490619_14	Q0	47191	1
1490619_14	Q0	48045	1
1490619_14	Q0	4951	0
1490619_14	Q0	4998	1
1490619_14	Q0	50099	1
1490619_14	Q0	50257	0
1490619_14	Q0	5350	0
1490619_14	Q0	53630	1
1490619_14	Q0	56524	0
1490619_14	Q0	56528	1
1490619_14	Q0	57674	0
1490619_14	Q0	57700	1
1490619_14	Q0	57738	0
1490619_14	Q0	58417	0
1490619_14	Q0	58422	1
1490619_14	Q0	62902	0
1490619_14	Q0	7626	0
1490619_14	Q0	8044	0
1490619_14	Q0	80585	0
1490619_14	Q0	80836	0
1490619_14	Q0	81900	0
1490619_14	Q0	84597	0
1490619_14	Q0	86150	0
1490619_14	Q0	89179	0
1490619_14	Q0	89669	0
1490619_14	Q0	90742	0
1490619_14	Q0	9459	0
1490619_14	Q0	9464	0
1490619_14	Q0	96105	0
1490619_14	Q0	96995	0
1490619_14	Q0	97269	0
1490619_14	Q0	99579	0
1490619_14	Q0	99991	0
1602009_1	Q0	102084	0
1602009_1	Q0	106245	0
1602009_1	Q0	114273	0
1602009_1	Q0	116165	0
1602009_1	Q0	121596	0
1602009_1	Q0	128679	0
1602009_1	Q0	129459	0
1602009_1	Q0	137327	0
1602009_1	Q0	138383	0
1602009_1	Q0	139491	2
1602009_1	Q0	139492	1
1602009_1	Q0	144999	0
1602009_1	Q0	145361	0
1602009_1	Q0	146185	0
1602009_1	Q0	148584	0
1602009_1	Q0	154104	0
1602009_1	Q0	155975	0
1602009_1	Q0	16144	0
1602009_1	Q0	162346	0
1602009_1	Q0	165406	0
1602009_1	Q0	165756	0
1602009_1	Q0	166356	0
1602009_1	Q0	17996	2
1602009_1	Q0	20063	0
1602009_1	Q0	2140	0
1602009_1	Q0	2715	0
1602009_1	Q0	33043	0
1602009_1	Q0	37292	0
1602009_1	Q0	42255	1
1602009_1	Q0	42594	0
1602009_1	Q0	44120	1
1602009_1	Q0	44334	0
1602009_1	Q0	49567	0
1602009_1	Q0	5350	0
1602009_1	Q0	56298	0
1602009_1	Q0	57115	0
1602009_1	Q0	57827	0
1602009_1	Q0	62902	0
1602009_1	Q0	65274	0
1602009_1	Q0	67751	0
1602009_1	Q0	68643	0
1602009_1	Q0	72199	0
1602009_1	Q0	74394	0
1602009_1	Q0	80587	0
1602009_1	Q0	81092	0
1602009_1	Q0	82786	0
1602009_1	Q0	88206	0
1602009_1	Q0	9757	0
1602009_1	Q0	97845	0
1936169_16	Q0	110383	0
1936169_16	Q0	113365	0
1936169_16	Q0	117808	0
1936169_16	Q0	118093	0
1936169_16	Q0	118256	0
1936169_16	Q0	11898	0
1936169_16	Q0	12565	0
1936169_16	Q0	127741	0
1936169_16	Q0	129367	0
1936169_16	Q0	136838	0
1936169_16	Q0	138595	0
1936169_16	Q0	139491	0
1936169_16	Q0	139492	0
1936169_16	Q0	139512	0
1936169_16	Q0	140962	0
1936169_16	Q0	142354	0
1936169_16	Q0	142859	0
1936169_16	Q0	144434	0
1936169_16	Q0	145051	0
1936169_16	Q0	14700	0
1936169_16	Q0	149039	0
1936169_16	Q0	149862	0
1936169_16	Q0	154104	0
1936169_16	Q0	160179	0
1936169_16	Q0	164448	0
1936169_16	Q0	164685	0
1936169_16	Q0	16908	0
1936169_16	Q0	16918	0
1936169_16	Q0	17996	0
1936169_16	Q0	22476	0
1936169_16	Q0	25640	0
1936169_16	Q0	30540	0
1936169_16	Q0	3131	0
1936169_16	Q0	31761	0
1936169_16	Q0	3177	0
1936169_16	Q0	31862	0
1936169_16	Q0	35030	0
1936169_16	Q0	37489	0
1936169_16	Q0	39589	0
1936169_16	Q0	40277	0
1936169_16	Q0	40289	0
1936169_16	Q0	41148	0
1936169_16	Q0	41746	0
1936169_16	Q0	42255	0
1936169_16	Q0	42589	0
1936169_16	Q0	42590	0
1936169_16	Q0	42593	0
1936169_16	Q0	42594	0
1936169_16	Q0	4325	0
1936169_16	Q0	44120	0
1936169_16	Q0	44329	0
1936169_16	Q0	44334	0
1936169_16	Q0	45935	0
1936169_16	Q0	4664	0
1936169_16	Q0	48810	0
1936169_16	Q0	5388	0
1936169_16	Q0	54025	0
1936169_16	Q0	54030	0
1936169_16	Q0	56298	0
1936169_16	Q0	56503	0
1936169_16	Q0	57115	0
1936169_16	Q0	7218	0
1936169_16	Q0	72222	0
1936169_16	Q0	769	0
1936169_16	Q0	86120	1
1936169_16	Q0	8642	0
1936169_16	Q0	92437	0
1936169_16	Q0	94473	0
1936169_16	Q0	94475	0
1936169_16	Q0	97881	0
1936169_16	Q0	9789	0
2161465_3	Q0	101622	0
2161465_3	Q0	102766	0
2161465_3	Q0	103108	0
2161465_3	Q0	1045	0
2161465_3	Q0	108085	0
2161465_3	Q0	108498	0
2161465_3	Q0	108977	0
2161465_3	Q0	108978	0
2161465_3	Q0	108979	0
2161465_3	Q0	108980	0
2161465_3	Q0	110353	0
2161465_3	Q0	111962	0
2161465_3	Q0	113597	0
2161465_3	Q0	122994	0
2161465_3	Q0	123422	0
2161465_3	Q0	123707	0
2161465_3	Q0	124977	0
2161465_3	Q0	127139	0
2161465_3	Q0	127925	0
2161465_3	Q0	131975	0
2161465_3	Q0	132423	0
2161465_3	Q0	133519	0
2161465_3	Q0	134653	0
2161465_3	Q0	13604	0
2161465_3	Q0	136467	0
2161465_3	Q0	137232	0
2161465_3	Q0	137324	0
2161465_3	Q0	143873	0
2161465_3	Q0	149468	0
2161465_3	Q0	149677	0
2161465_3	Q0	151160	0
2161465_3	Q0	15544	0
2161465_3	Q0	156157	0
2161465_3	Q0	158907	0
2161465_3	Q0	15909	0
2161465_3	Q0	16346	0
2161465_3	Q0	163494	0
2161465_3	Q0	164379	0
2161465_3	Q0	165310	0
2161465_3	Q0	17907	0
2161465_3	Q0	20326	0
2161465_3	Q0	20466	0
2161465_3	Q0	20760	0
2161465_3	Q0	21490	0
2161465_3	Q0	21823	0
2161465_3	Q0	21944	0
2161465_3	Q0	24160	0
2161465_3	Q0	24855	0
2161465_3	Q0	25183	0
2161465_3	Q0	27113	0
2161465_3	Q0	27463	0
2161465_3	Q0	29244	0
2161465_3	Q0	29791	0
2161465_3	Q0	32164	0
2161465_3	Q0	33420	0
2161465_3	Q0	34931	0
2161465_3	Q0	35232	0
2161465_3	Q0	37175	0
2161465_3	Q0	37987	0
2161465_3	Q0	38670	1
2161465_3	Q0	38904	0
2161465_3	Q0	39664	0
2161465_3	Q0	39676	0
2161465_3	Q0	41447	0
2161465_3	Q0	41712	0
2161465_3	Q0	42840	0
2161465_3	Q0	44444	0
2161465_3	Q0	44630	0
2161465_3	Q0	44640	0
2161465_3	Q0	46655	0
2161465_3	Q0	47156	0
2161465_3	Q0	4738	0
2161465_3	Q0	47618	0
2161465_3	Q0	49485	0
2161465_3	Q0	50610	0
2161465_3	Q0	50744	0
2161465_3	Q0	50964	0
2161465_3	Q0	52834	0
2161465_3	Q0	53366	0
2161465_3	Q0	54280	0
2161465_3	Q0	54614	0
2161465_3	Q0	54739	0
2161465_3	Q0	5547	0
2161465_3	Q0	55771	0
2161465_3	Q0	57945	0
2161465_3	Q0	59174	0
2161465_3	Q0	60212	0
2161465_3	Q0	60870	0
2161465_3	Q0	63230	0
2161465_3	Q0	64027	0
2161465_3	Q0	64189	0
2161465_3	Q0	64482	0
2161465_3	Q0	64504	0
2161465_3	Q0	66867	0
2161465_3	Q0	67350	0
2161465_3	Q0	68163	0
2161465_3	Q0	69341	0
2161465_3	Q0	71622	0
2161465_3	Q0	72772	0
2161465_3	Q0	77575	0
2161465_3	Q0	77976	0
2161465_3	Q0	8130	0
2161465_3	Q0	8152	0
2161465_3	Q0	81812	0
2161465_3	Q0	82024	0
2161465_3	Q0	84975	0
2161465_3	Q0	85007	0
2161465_3	Q0	85751	0
2161465_3	Q0	8622	0
2161465_3	Q0	87840	0
2161465_3	Q0	88921	0
2161465_3	Q0	89801	0
2161465_3	Q0	93087	0
2161465_3	Q0	93268	0
2161465_3	Q0	9545	0
2161465_3	Q0	95720	0
2161465_3	Q0	97204	0
2161465_3	Q0	9854	0
2161465_46	Q0	101385	0
2161465_46	Q0	1045	0
2161465_46	Q0	113470	0
2161465_46	Q0	114333	0
2161465_46	Q0	114335	1
2161465_46	Q0	119551	0
2161465_46	Q0	119557	0
2161465_46	Q0	119558	0
2161465_46	Q0	122831	0
2161465_46	Q0	122866	1
2161465_46	Q0	123303	0
2161465_46	Q0	12338	0
2161465_46	Q0	128103	0
2161465_46	Q0	128515	0
2161465_46	Q0	131137	0
2161465_46	Q0	131575	1
2161465_46	Q0	132966	1
2161465_46	Q0	135487	1
2161465_46	Q0	137112	0
2161465_46	Q0	139067	0
2161465_46	Q0	140630	0
2161465_46	Q0	145326	0
2161465_46	Q0	145424	0
2161465_46	Q0	146400	1
2161465_46	Q0	147204	0
2161465_46	Q0	147848	0
2161465_46	Q0	149529	1
2161465_46	Q0	153099	0
2161465_46	Q0	154615	0
2161465_46	Q0	15544	0
2161465_46	Q0	155720	0
2161465_46	Q0	157119	0
2161465_46	Q0	158385	0
2161465_46	Q0	160709	0
2161465_46	Q0	161172	0
2161465_46	Q0	163003	0
2161465_46	Q0	163782	0
2161465_46	Q0	166443	0
2161465_46	Q0	166724	0
2161465_46	Q0	17715	0
2161465_46	Q0	17717	1
2161465_46	Q0	17727	2
2161465_46	Q0	17768	0
2161465_46	Q0	19348	0
2161465_46	Q0	21384	0
2161465_46	Q0	21963	0
2161465_46	Q0	29724	0
2161465_46	Q0	3028	0
2161465_46	Q0	34475	0
2161465_46	Q0	35748	0
2161465_46	Q0	38726	0
2161465_46	Q0	38727	0
2161465_46	Q0	38731	1
2161465_46	Q0	42913	0
2161465_46	Q0	43346	0
2161465_46	Q0	48238	0
2161465_46	Q0	52287	0
2161465_46	Q0	52609	0
2161465_46	Q0	57680	0
2161465_46	Q0	58190	0
2161465_46	Q0	58396	0
2161465_46	Q0	59730	0
2161465_46	Q0	62065	0
2161465_46	Q0	62101	0
2161465_46	Q0	62119	0
2161465_46	Q0	67439	1
2161465_46	Q0	67675	1
2161465_46	Q0	67685	1
2161465_46	Q0	67874	0
2161465_46	Q0	6897	1
2161465_46	Q0	79216	0
2161465_46	Q0	794	0
2161465_46	Q0	82967	0
2161465_46	Q0	8797	0
2161465_46	Q0	8801	0
2161465_46	Q0	8875	0
2161465_46	Q0	96679	0
2161465_46	Q0	96836	0
2161465_46	Q0	96837	0
2161465_46	Q0	96847	1
2161465_46	Q0	96861	0
2161465_46	Q0	97051	0
2161465_54	Q0	116335	0
2161465_54	Q0	117964	0
2161465_54	Q0	121561	0
2161465_54	Q0	122006	0
2161465_54	Q0	122104	0
2161465_54	Q0	127904	0
2161465_54	Q0	134207	0
2161465_54	Q0	134496	0
2161465_54	Q0	142545	0
2161465_54	Q0	142759	2
2161465_54	Q0	147526	1
2161465_54	Q0	148732	0
2161465_54	Q0	148827	0
2161465_54	Q0	149098	0
2161465_54	Q0	15021	0
2161465_54	Q0	158010	0
2161465_54	Q0	159021	0
2161465_54	Q0	161108	1
2161465_54	Q0	161844	0
2161465_54	Q0	166251	0
2161465_54	Q0	17334	0
2161465_54	Q0	17342	2
2161465_54	Q0	23111	1
2161465_54	Q0	23387	0
2161465_54	Q0	28668	0
2161465_54	Q0	30479	0
2161465_54	Q0	30485	1
2161465_54	Q0	35127	0
2161465_54	Q0	35361	0
2161465_54	Q0	39243	0
2161465_54	Q0	39745	0
2161465_54	Q0	41396	0
2161465_54	Q0	44867	0
2161465_54	Q0	4504	0
2161465_54	Q0	45576	0
2161465_54	Q0	46024	0
2161465_54	Q0	46607	0
2161465_54	Q0	50337	0
2161465_54	Q0	52558	0
2161465_54	Q0	57784	0
2161465_54	Q0	59666	0
2161465_54	Q0	59675	0
2161465_54	Q0	61149	1
2161465_54	Q0	6165	1
2161465_54	Q0	61930	0
2161465_54	Q0	6438	0
2161465_54	Q0	66854	0
2161465_54	Q0	66861	1
2161465_54	Q0	6781	0
2161465_54	Q0	6933	0
2161465_54	Q0	7000	0
2161465_54	Q0	72650	0
2161465_54	Q0	7272	0
2161465_54	Q0	73376	0
2161465_54	Q0	74129	0
2161465_54	Q0	76129	0
2161465_54	Q0	78386	0
2161465_54	Q0	79681	0
2161465_54	Q0	80004	0
2161465_54	Q0	81725	1
2161465_54	Q0	82508	0
2161465_54	Q0	84427	0
2161465_54	Q0	85089	0
2161465_54	Q0	86044	0
2161465_54	Q0	86049	0
2161465_54	Q0	86815	0
2161465_54	Q0	87588	0
2161465_54	Q0	89344	0
2161465_54	Q0	89886	0
2161465_54	Q0	90429	0
2161465_54	Q0	91020	0
2161465_54	Q0	92048	1
2161465_54	Q0	96138	0
2161465_7	Q0	100115	1
2161465_7	Q0	101066	0
2161465_7	Q0	101767	0
2161465_7	Q0	104357	0
2161465_7	Q0	107621	0
2161465_7	Q0	109261	0
2161465_7	Q0	112360	0
2161465_7	Q0	113137	0
2161465_7	Q0	113350	0
2161465_7	Q0	11943	0
2161465_7	Q0	120721	0
2161465_7	Q0	121479	0
2161465_7	Q0	122353	0
2161465_7	Q0	128067	0
2161465_7	Q0	130324	0
2161465_7	Q0	130525	0
2161465_7	Q0	131087	0
2161465_7	Q0	131660	1
2161465_7	Q0	132069	0
2161465_7	Q0	134029	0
2161465_7	Q0	135002	0
2161465_7	Q0	135743	0
2161465_7	Q0	136062	0
2161465_7	Q0	137967	0
2161465_7	Q0	143112	0
2161465_7	Q0	143878	0
2161465_7	Q0	144726	0
2161465_7	Q0	144813	0
2161465_7	Q0	146905	0
2161465_7	Q0	147640	0
2161465_7	Q0	150432	1
2161465_7	Q0	15216	0
2161465_7	Q0	15251	1
2161465_7	Q0	155231	0
2161465_7	Q0	155744	0
2161465_7	Q0	157828	0
2161465_7	Q0	159016	0
2161465_7	Q0	159638	0
2161465_7	Q0	160807	0
2161465_7	Q0	161800	0
2161465_7	Q0	163024	0
2161465_7	Q0	167603	0
2161465_7	Q0	168136	0
2161465_7	Q0	1739	0
2161465_7	Q0	1851	0
2161465_7	Q0	2106	0
2161465_7	Q0	2140	0
2161465_7	Q0	21913	0
2161465_7	Q0	23812	0
2161465_7	Q0	25290	0
2161465_7	Q0	25742	0
2161465_7	Q0	25857	0
2161465_7	Q0	2715	0
2161465_7	Q0	27751	0
2161465_7	Q0	2889	0
2161465_7	Q0	31470	0
2161465_7	Q0	33282	0
2161465_7	Q0	33980	0
2161465_7	Q0	34492	0
2161465_7	Q0	3660	0
2161465_7	Q0	36692	0
2161465_7	Q0	37448	0
2161465_7	Q0	41435	0
2161465_7	Q0	42254	1
2161465_7	Q0	42972	0
2161465_7	Q0	45308	0
2161465_7	Q0	4733	0
2161465_7	Q0	47723	0
2161465_7	Q0	4854	0
2161465_7	Q0	49653	0
2161465_7	Q0	51003	0
2161465_7	Q0	5116	0
2161465_7	Q0	53038	0
2161465_7	Q0	53854	0
2161465_7	Q0	53986	0
2161465_7	Q0	54757	0
2161465_7	Q0	58419	0
2161465_7	Q0	58458	1
2161465_7	Q0	62452	0
2161465_7	Q0	63630	0
2161465_7	Q0	64525	0
2161465_7	Q0	68949	0
2161465_7	Q0	7220	0
2161465_7	Q0	7296	0
2161465_7	Q0	74772	0
2161465_7	Q0	76941	0
2161465_7	Q0	77628	0
2161465_7	Q0	77911	0
2161465_7	Q0	79551	0
2161465_7	Q0	81113	0
2161465_7	Q0	82501	0
2161465_7	Q0	85230	0
2161465_7	Q0	87058	0
2161465_7	Q0	8832	0
2161465_7	Q0	93989	0
2161465_7	Q0	95898	0
2161465_7	Q0	96243	0
2161465_7	Q0	97153	0
2385817_13	Q0	100409	0
2385817_13	Q0	101039	0
2385817_13	Q0	101627	0
2385817_13	Q0	106678	0
2385817_13	Q0	108680	0
2385817_13	Q0	109815	0
2385817_13	Q0	112222	0
2385817_13	Q0	112502	1
2385817_13	Q0	112988	0
2385817_13	Q0	12128	0
2385817_13	Q0	122585	0
2385817_13	Q0	12261	0
2385817_13	Q0	123392	0
2385817_13	Q0	123786	0
2385817_13	Q0	125386	0
2385817_13	Q0	125987	0
2385817_13	Q0	129378	0
2385817_13	Q0	135103	0
2385817_13	Q0	136508	0
2385817_13	Q0	138771	0
2385817_13	Q0	145128	1
2385817_13	Q0	145492	0
2385817_13	Q0	148579	0
2385817_13	Q0	155258	0
2385817_13	Q0	16033	1
2385817_13	Q0	20508	0
2385817_13	Q0	22563	0
2385817_13	Q0	22606	1
2385817_13	Q0	27447	0
2385817_13	Q0	27538	0
2385817_13	Q0	29870	0
2385817_13	Q0	2990	0
2385817_13	Q0	32371	0
2385817_13	Q0	33715	0
2385817_13	Q0	34506	0
2385817_13	Q0	35595	2
2385817_13	Q0	35623	2
2385817_13	Q0	39260	0
2385817_13	Q0	41694	0
2385817_13	Q0	42810	2
2385817_13	Q0	44254	0
2385817_13	Q0	44269	0
2385817_13	Q0	46317	0
2385817_13	Q0	46460	1
2385817_13	Q0	49807	0
2385817_13	Q0	53231	0
2385817_13	Q0	53698	0
2385817_13	Q0	54545	0
2385817_13	Q0	55154	0
2385817_13	Q0	58094	0
2385817_13	Q0	65409	0
2385817_13	Q0	68799	1
2385817_13	Q0	75982	0
2385817_13	Q0	80835	1
2385817_13	Q0	82390	0
2385817_13	Q0	84075	0
2385817_13	Q0	85421	0
2385817_13	Q0	87903	1
2385817_13	Q0	97711	0
3389546_15	Q0	10	0
3389546_15	Q0	104267	0
3389546_15	Q0	105701	0
3389546_15	Q0	106776	0
3389546_15	Q0	108681	0
3389546_15	Q0	110899	0
3389546_15	Q0	112106	1
3389546_15	Q0	113996	0
3389546_15	Q0	115028	0
3389546_15	Q0	116879	0
3389546_15	Q0	11775	0
3389546_15	Q0	117813	0
3389546_15	Q0	118549	0
3389546_15	Q0	119397	2
3389546_15	Q0	119554	0
3389546_15	Q0	119722	0
3389546_15	Q0	119867	0
3389546_15	Q0	120472	0
3389546_15	Q0	123167	0
3389546_15	Q0	123910	2
3389546_15	Q0	124747	0
3389546_15	Q0	127874	1
3389546_15	Q0	128154	2
3389546_15	Q0	128633	2
3389546_15	Q0	131661	0
3389546_15	Q0	132334	1
3389546_15	Q0	133643	2
3389546_15	Q0	136682	0
3389546_15	Q0	137188	2
3389546_15	Q0	138229	1
3389546_15	Q0	138545	1
3389546_15	Q0	141519	0
3389546_15	Q0	14194	0
3389546_15	Q0	143700	1
3389546_15	Q0	144938	0
3389546_15	Q0	147255	2
3389546_15	Q0	148482	0
3389546_15	Q0	148930	0
3389546_15	Q0	149584	0
3389546_15	Q0	150417	0
3389546_15	Q0	150989	0
3389546_15	Q0	151161	0
3389546_15	Q0	151284	0
3389546_15	Q0	151308	0
3389546_15	Q0	15138	0
3389546_15	Q0	151390	2
3389546_15	Q0	152960	0
3389546_15	Q0	153070	0
3389546_15	Q0	154014	2
3389546_15	Q0	157358	0
3389546_15	Q0	159204	0
3389546_15	Q0	16247	0
3389546_15	Q0	162881	0
3389546_15	Q0	163541	0
3389546_15	Q0	163737	0
3389546_15	Q0	166357	0
3389546_15	Q0	17618	0
3389546_15	Q0	17661	1
3389546_15	Q0	17672	2
3389546_15	Q0	20425	0
3389546_15	Q0	2140	0
3389546_15	Q0	2417	1
3389546_15	Q0	25855	0
3389546_15	Q0	29043	2
3389546_15	Q0	30402	0
3389546_15	Q0	31451	0
3389546_15	Q0	32429	0
3389546_15	Q0	33694	1
3389546_15	Q0	37056	2
3389546_15	Q0	4056	0
3389546_15	Q0	41297	1
3389546_15	Q0	42929	0
3389546_15	Q0	43365	0
3389546_15	Q0	44793	0
3389546_15	Q0	44918	0
3389546_15	Q0	45579	0
3389546_15	Q0	4824	0
3389546_15	Q0	51822	0
3389546_15	Q0	52457	0
3389546_15	Q0	60982	0
3389546_15	Q0	61510	1
3389546_15	Q0	61581	0
3389546_15	Q0	62038	0
3389546_15	Q0	62802	0
3389546_15	Q0	62902	0
3389546_15	Q0	6341	0
3389546_15	Q0	64116	0
3389546_15	Q0	64426	0
3389546_15	Q0	66219	0
3389546_15	Q0	67399	1
3389546_15	Q0	67541	0
3389546_15	Q0	67561	2
3389546_15	Q0	67562	1
3389546_15	Q0	67585	0
3389546_15	Q0	67605	0
3389546_15	Q0	67622	0
3389546_15	Q0	68056	0
3389546_15	Q0	684	0
3389546_15	Q0	68612	0
3389546_15	Q0	688	1
3389546_15	Q0	69418	1
3389546_15	Q0	75877	0
3389546_15	Q0	83919	0
3389546_15	Q0	84612	0
3389546_15	Q0	860	2
3389546_15	Q0	86021	0
3389546_15	Q0	92658	0
3389546_15	Q0	94179	0
3389546_15	Q0	9546	0
3389546_15	Q0	9951	0
3389546_26	Q0	100688	0
3389546_26	Q0	102339	0
3389546_26	Q0	10435	1
3389546_26	Q0	115269	0
3389546_26	Q0	118508	0
3389546_26	Q0	11985	0
3389546_26	Q0	120846	0
3389546_26	Q0	122950	0
3389546_26	Q0	131808	0
3389546_26	Q0	132020	0
3389546_26	Q0	132351	0
3389546_26	Q0	134117	0
3389546_26	Q0	134244	0
3389546_26	Q0	135553	0
3389546_26	Q0	13782	0
3389546_26	Q0	137957	0
3389546_26	Q0	14088	0
3389546_26	Q0	148757	0
3389546_26	Q0	151262	1
3389546_26	Q0	154706	0
3389546_26	Q0	156195	0
3389546_26	Q0	156544	0
3389546_26	Q0	158936	0
3389546_26	Q0	161155	0
3389546_26	Q0	162100	0
3389546_26	Q0	162589	0
3389546_26	Q0	16385	0
3389546_26	Q0	164732	0
3389546_26	Q0	166693	0
3389546_26	Q0	166720	0
3389546_26	Q0	167635	0
3389546_26	Q0	167897	0
3389546_26	Q0	1695	0
3389546_26	Q0	17046	0
3389546_26	Q0	17315	0
3389546_26	Q0	17629	0
3389546_26	Q0	18353	0
3389546_26	Q0	22455	0
3389546_26	Q0	25234	0
3389546_26	Q0	28671	0
3389546_26	Q0	2893	0
3389546_26	Q0	30805	0
3389546_26	Q0	348	0
3389546_26	Q0	35047	0
3389546_26	Q0	3917	0
3389546_26	Q0	39254	0
3389546_26	Q0	39346	0
3389546_26	Q0	45576	0
3389546_26	Q0	47047	0
3389546_26	Q0	52458	0
3389546_26	Q0	52595	0
3389546_26	Q0	5350	0
3389546_26	Q0	53912	0
3389546_26	Q0	55185	0
3389546_26	Q0	55537	0
3389546_26	Q0	56068	0
3389546_26	Q0	5884	0
3389546_26	Q0	59172	0
3389546_26	Q0	59902	0
3389546_26	Q0	61501	0
3389546_26	Q0	66202	0
3389546_26	Q0	67482	0
3389546_26	Q0	67485	0
3389546_26	Q0	71053	0
3389546_26	Q0	74002	0
3389546_26	Q0	75483	0
3389546_26	Q0	79570	0
3389546_26	Q0	79577	0
3389546_26	Q0	79585	0
3389546_26	Q0	8151	0
3389546_26	Q0	83269	0
3389546_26	Q0	83879	1
3389546_26	Q0	83935	0
3389546_26	Q0	84990	0
3389546_26	Q0	853	0
3389546_26	Q0	86394	0
3389546_26	Q0	88729	0
3389546_26	Q0	90359	0
3389546_26	Q0	90360	0
3389546_26	Q0	91326	0
3389546_26	Q0	91498	0
3389546_26	Q0	91502	0
3389546_26	Q0	96050	0
4253773_33	Q0	100118	0
4253773_33	Q0	102172	0
4253773_33	Q0	106943	0
4253773_33	Q0	107717	0
4253773_33	Q0	107910	0
4253773_33	Q0	109339	0
4253773_33	Q0	109344	0
4253773_33	Q0	11016	0
4253773_33	Q0	114285	0
4253773_33	Q0	114796	0
4253773_33	Q0	114797	0
4253773_33	Q0	11573	2
4253773_33	Q0	117675	0
4253773_33	Q0	121263	0
4253773_33	Q0	121826	0
4253773_33	Q0	121859	0
4253773_33	Q0	122297	0
4253773_33	Q0	123559	0
4253773_33	Q0	12672	0
4253773_33	Q0	130397	0
4253773_33	Q0	13180	0
4253773_33	Q0	131808	0
4253773_33	Q0	132419	0
4253773_33	Q0	138441	0
4253773_33	Q0	140813	0
4253773_33	Q0	142543	0
4253773_33	Q0	143486	0
4253773_33	Q0	144232	0
4253773_33	Q0	146558	0
4253773_33	Q0	146667	0
4253773_33	Q0	149265	0
4253773_33	Q0	150169	0
4253773_33	Q0	152927	0
4253773_33	Q0	154724	0
4253773_33	Q0	160840	0
4253773_33	Q0	16144	0
4253773_33	Q0	161740	0
4253773_33	Q0	162001	0
4253773_33	Q0	162065	0
4253773_33	Q0	163377	0
4253773_33	Q0	16407	0
4253773_33	Q0	164317	0
4253773_33	Q0	165895	0
4253773_33	Q0	166149	0
4253773_33	Q0	166693	0
4253773_33	Q0	167897	0
4253773_33	Q0	1739	0
4253773_33	Q0	185	0
4253773_33	Q0	20305	0
4253773_33	Q0	21233	0
4253773_33	Q0	2140	0
4253773_33	Q0	25698	0
4253773_33	Q0	2715	0
4253773_33	Q0	28060	0
4253773_33	Q0	30367	0
4253773_33	Q0	33821	0
4253773_33	Q0	36892	0
4253773_33	Q0	40687	0
4253773_33	Q0	40714	0
4253773_33	Q0	41606	0
4253773_33	Q0	41849	1
4253773_33	Q0	43395	0
4253773_33	Q0	44019	0
4253773_33	Q0	44799	0
4253773_33	Q0	46140	0
4253773_33	Q0	48829	0
4253773_33	Q0	49348	0
4253773_33	Q0	49511	0
4253773_33	Q0	49519	0
4253773_33	Q0	49660	0
4253773_33	Q0	49661	0
4253773_33	Q0	49691	0
4253773_33	Q0	5350	0
4253773_33	Q0	55185	0
4253773_33	Q0	55377	0
4253773_33	Q0	6065	0
4253773_33	Q0	61339	0
4253773_33	Q0	61347	0
4253773_33	Q0	62902	0
4253773_33	Q0	63660	0
4253773_33	Q0	64038	0
4253773_33	Q0	64582	0
4253773_33	Q0	67348	0
4253773_33	Q0	69470	0
4253773_33	Q0	71675	0
4253773_33	Q0	73426	0
4253773_33	Q0	73901	0
4253773_33	Q0	73907	0
4253773_33	Q0	73921	0
4253773_33	Q0	78992	0
4253773_33	Q0	79419	0
4253773_33	Q0	81591	0
4253773_33	Q0	83388	0
4253773_33	Q0	85076	0
4253773_33	Q0	85991	0
4253773_33	Q0	8740	0
4253773_33	Q0	90245	0
4253773_33	Q0	91895	0
4253773_33	Q0	93664	0
4253773_33	Q0	95560	0
4253773_33	Q0	95922	0
4253773_33	Q0	97584	0
4253773_33	Q0	98117	0
4253773_33	Q0	98386	0
4253773_34	Q0	101265	0
4253773_34	Q0	101809	0
4253773_34	Q0	104023	0
4253773_34	Q0	105766	0
4253773_34	Q0	111255	0
4253773_34	Q0	111605	0
4253773_34	Q0	111633	0
4253773_34	Q0	114970	0
4253773_34	Q0	115641	0
4253773_34	Q0	120218	0
4253773_34	Q0	128915	0
4253773_34	Q0	131080	0
4253773_34	Q0	132501	0
4253773_34	Q0	14213	0
4253773_34	Q0	144284	0
4253773_34	Q0	14636	0
4253773_34	Q0	146852	0
4253773_34	Q0	147326	0
4253773_34	Q0	15384	0
4253773_34	Q0	155396	0
4253773_34	Q0	155575	0
4253773_34	Q0	156665	0
4253773_34	Q0	159925	0
4253773_34	Q0	162193	0
4253773_34	Q0	163005	0
4253773_34	Q0	165663	0
4253773_34	Q0	166900	0
4253773_34	Q0	168154	0
4253773_34	Q0	21221	0
4253773_34	Q0	21889	0
4253773_34	Q0	22119	2
4253773_34	Q0	23625	0
4253773_34	Q0	2722	0
4253773_34	Q0	31619	0
4253773_34	Q0	3293	0
4253773_34	Q0	33227	0
4253773_34	Q0	33318	0
4253773_34	Q0	33365	0
4253773_34	Q0	33407	0
4253773_34	Q0	33438	0
4253773_34	Q0	33451	0
4253773_34	Q0	33478	0
4253773_34	Q0	33717	0
4253773_34	Q0	35285	0
4253773_34	Q0	3653	0
4253773_34	Q0	4356	0
4253773_34	Q0	4622	0
4253773_34	Q0	48058	0
4253773_34	Q0	48463	0
4253773_34	Q0	4984	0
4253773_34	Q0	58942	0
4253773_34	Q0	61467	0
4253773_34	Q0	61989	0
4253773_34	Q0	64784	0
4253773_34	Q0	65950	0
4253773_34	Q0	68350	0
4253773_34	Q0	6839	0
4253773_34	Q0	71761	0
4253773_34	Q0	71976	0
4253773_34	Q0	72178	0
4253773_34	Q0	75409	0
4253773_34	Q0	76362	0
4253773_34	Q0	76498	0
4253773_34	Q0	77793	0
4253773_34	Q0	81197	0
4253773_34	Q0	8195	0
4253773_34	Q0	82120	0
4253773_34	Q0	86923	0
4253773_34	Q0	9442	0
4253773_34	Q0	95065	0
4253773_34	Q0	95168	0
4253773_34	Q0	95552	0
4253773_34	Q0	95801	0
4253773_34	Q0	96796	0
4253773_34	Q0	9703	0
4253773_34	Q0	99190	0
4253773_34	Q0	99922	0
4253773_34	Q0	99927	0
4360424_10	Q0	102237	0
4360424_10	Q0	109266	0
4360424_10	Q0	114224	0
4360424_10	Q0	11477	0
4360424_10	Q0	119327	0
4360424_10	Q0	119442	0
4360424_10	Q0	120691	1
4360424_10	Q0	125547	1
4360424_10	Q0	126836	0
4360424_10	Q0	127710	0
4360424_10	Q0	129068	0
4360424_10	Q0	132663	0
4360424_10	Q0	133562	0
4360424_10	Q0	136992	0
4360424_10	Q0	137108	0
4360424_10	Q0	138954	0
4360424_10	Q0	142523	0
4360424_10	Q0	145005	0
4360424_10	Q0	146694	0
4360424_10	Q0	147919	0
4360424_10	Q0	148680	0
4360424_10	Q0	152872	0
4360424_10	Q0	155919	0
4360424_10	Q0	24565	0
4360424_10	Q0	2964	0
4360424_10	Q0	32657	0
4360424_10	Q0	36049	0
4360424_10	Q0	50601	0
4360424_10	Q0	51086	0
4360424_10	Q0	51093	0
4360424_10	Q0	55894	0
4360424_10	Q0	59494	0
4360424_10	Q0	62525	0
4360424_10	Q0	70155	0
4360424_10	Q0	82093	1
4360424_10	Q0	82368	0
4360424_10	Q0	8361	0
4360424_10	Q0	84211	0
4360424_10	Q0	88160	1
4360424_10	Q0	88163	0
4360424_10	Q0	88213	0
4360424_10	Q0	89366	0
4360424_10	Q0	89964	0
4360424_10	Q0	94589	0
4683991_18	Q0	10206	0
4683991_18	Q0	104787	0
4683991_18	Q0	105609	0
4683991_18	Q0	108714	0
4683991_18	Q0	115658	0
4683991_18	Q0	117262	0
4683991_18	Q0	117897	1
4683991_18	Q0	120918	0
4683991_18	Q0	121385	0
4683991_18	Q0	121439	0
4683991_18	Q0	122503	0
4683991_18	Q0	124300	0
4683991_18	Q0	12519	0
4683991_18	Q0	125241	0
4683991_18	Q0	126040	0
4683991_18	Q0	126417	0
4683991_18	Q0	128694	0
4683991_18	Q0	132160	0
4683991_18	Q0	134424	0
4683991_18	Q0	134534	0
4683991_18	Q0	137183	0
4683991_18	Q0	137569	0
4683991_18	Q0	139142	0
4683991_18	Q0	142430	0
4683991_18	Q0	143577	0
4683991_18	Q0	145755	0
4683991_18	Q0	147043	0
4683991_18	Q0	148184	0
4683991_18	Q0	148949	0
4683991_18	Q0	149918	1
4683991_18	Q0	153047	0
4683991_18	Q0	1581	0
4683991_18	Q0	160344	0
4683991_18	Q0	160370	0
4683991_18	Q0	160587	1
4683991_18	Q0	164083	0
4683991_18	Q0	16499	0
4683991_18	Q0	165327	0
4683991_18	Q0	167362	0
4683991_18	Q0	21677	0
4683991_18	Q0	21682	0
4683991_18	Q0	24320	0
4683991_18	Q0	24682	0
4683991_18	Q0	25472	0
4683991_18	Q0	26168	0
4683991_18	Q0	26867	0
4683991_18	Q0	28223	0
4683991_18	Q0	301	0
4683991_18	Q0	34656	0
4683991_18	Q0	34708	0
4683991_18	Q0	36822	0
4683991_18	Q0	37570	0
4683991_18	Q0	37788	0
4683991_18	Q0	45903	0
4683991_18	Q0	46710	0
4683991_18	Q0	47119	0
4683991_18	Q0	49257	2
4683991_18	Q0	51562	1
4683991_18	Q0	51587	0
4683991_18	Q0	53004	0
4683991_18	Q0	5354	0
4683991_18	Q0	53587	0
4683991_18	Q0	53876	0
4683991_18	Q0	553	0
4683991_18	Q0	55880	0
4683991_18	Q0	561	0
4683991_18	Q0	56189	0
4683991_18	Q0	5805	0
4683991_18	Q0	62202	0
4683991_18	Q0	6280	0
4683991_18	Q0	62834	0
4683991_18	Q0	62860	1
4683991_18	Q0	64724	0
4683991_18	Q0	70731	0
4683991_18	Q0	71781	0
4683991_18	Q0	74308	0
4683991_18	Q0	78547	0
4683991_18	Q0	80285	0
4683991_18	Q0	81832	0
4683991_18	Q0	85510	0
4683991_18	Q0	91304	0
4683991_18	Q0	95740	0
5539381_5	Q0	100472	0
5539381_5	Q0	100847	0
5539381_5	Q0	102301	0
5539381_5	Q0	105692	0
5539381_5	Q0	109931	0
5539381_5	Q0	111359	0
5539381_5	Q0	111861	0
5539381_5	Q0	113114	0
5539381_5	Q0	114716	0
5539381_5	Q0	116178	0
5539381_5	Q0	11798	0
5539381_5	Q0	118160	0
5539381_5	Q0	118543	0
5539381_5	Q0	119507	0
5539381_5	Q0	119917	0
5539381_5	Q0	120065	0
5539381_5	Q0	124399	0
5539381_5	Q0	12454	0
5539381_5	Q0	128122	0
5539381_5	Q0	128587	0
5539381_5	Q0	128639	0
5539381_5	Q0	129784	0
5539381_5	Q0	131426	0
5539381_5	Q0	132747	0
5539381_5	Q0	132848	0
5539381_5	Q0	133005	0
5539381_5	Q0	134598	0
5539381_5	Q0	135908	0
5539381_5	Q0	137306	0
5539381_5	Q0	139433	1
5539381_5	Q0	140348	0
5539381_5	Q0	141822	0
5539381_5	Q0	146789	0
5539381_5	Q0	146830	0
5539381_5	Q0	147645	0
5539381_5	Q0	148166	0
5539381_5	Q0	148241	0
5539381_5	Q0	148927	0
5539381_5	Q0	151066	0
5539381_5	Q0	151258	0
5539381_5	Q0	151327	0
5539381_5	Q0	151867	0
5539381_5	Q0	152528	0
5539381_5	Q0	153486	0
5539381_5	Q0	153627	1
5539381_5	Q0	157598	0
5539381_5	Q0	159386	0
5539381_5	Q0	161032	0
5539381_5	Q0	161991	0
5539381_5	Q0	163016	0
5539381_5	Q0	163475	0
5539381_5	Q0	168117	0
5539381_5	Q0	16972	0
5539381_5	Q0	17685	0
5539381_5	Q0	17698	0
5539381_5	Q0	18357	0
5539381_5	Q0	18928	0
5539381_5	Q0	2140	0
5539381_5	Q0	21837	0
5539381_5	Q0	22094	0
5539381_5	Q0	23052	0
5539381_5	Q0	23840	0
5539381_5	Q0	28421	0
5539381_5	Q0	28773	0
5539381_5	Q0	30992	0
5539381_5	Q0	34084	0
5539381_5	Q0	3416	0
5539381_5	Q0	34242	0
5539381_5	Q0	34747	0
5539381_5	Q0	35947	0
5539381_5	Q0	36485	0
5539381_5	Q0	37706	0
5539381_5	Q0	37943	0
5539381_5	Q0	38384	0
5539381_5	Q0	38424	0
5539381_5	Q0	38541	0
5539381_5	Q0	40565	0
5539381_5	Q0	41359	0
5539381_5	Q0	41497	1
5539381_5	Q0	43468	0
5539381_5	Q0	45452	0
5539381_5	Q0	4630	0
5539381_5	Q0	53073	0
5539381_5	Q0	54318	0
5539381_5	Q0	54324	1
5539381_5	Q0	55832	0
5539381_5	Q0	58456	0
5539381_5	Q0	61428	0
5539381_5	Q0	61564	0
5539381_5	Q0	61642	0
5539381_5	Q0	62717	0
5539381_5	Q0	62902	0
5539381_5	Q0	67480	0
5539381_5	Q0	67594	0
5539381_5	Q0	67656	0
5539381_5	Q0	67900	0
5539381_5	Q0	67905	0
5539381_5	Q0	70473	0
5539381_5	Q0	72568	0
5539381_5	Q0	75091	0
5539381_5	Q0	75558	0
5539381_5	Q0	79573	0
5539381_5	Q0	79582	0
5539381_5	Q0	84450	0
5539381_5	Q0	862	0
5539381_5	Q0	86283	0
5539381_5	Q0	884	0
5539381_5	Q0	89596	0
5539381_5	Q0	91661	0
5539381_5	Q0	92977	0
5539381_5	Q0	94298	0
5539381_5	Q0	96378	0
5539381_5	Q0	9702	0
5539381_5	Q0	98562	0
5539381_5	Q0	98725	1
5539381_5	Q0	98726	0
599381_10	Q0	101144	0
599381_10	Q0	106410	0
599381_10	Q0	10932	0
599381_10	Q0	11141	1
599381_10	Q0	115922	0
599381_10	Q0	122761	0
599381_10	Q0	128402	0
599381_10	Q0	129487	0
599381_10	Q0	132125	0
599381_10	Q0	133086	0
599381_10	Q0	135703	0
599381_10	Q0	135809	0
599381_10	Q0	137658	0
599381_10	Q0	139186	0
599381_10	Q0	139424	0
599381_10	Q0	147550	0
599381_10	Q0	14804	0
599381_10	Q0	151200	0
599381_10	Q0	152985	0
599381_10	Q0	155254	0
599381_10	Q0	155440	0
599381_10	Q0	159806	0
599381_10	Q0	162551	0
599381_10	Q0	166084	0
599381_10	Q0	168386	0
599381_10	Q0	2140	0
599381_10	Q0	21604	0
599381_10	Q0	23309	0
599381_10	Q0	25844	0
599381_10	Q0	26275	0
599381_10	Q0	31091	0
599381_10	Q0	33486	0
599381_10	Q0	40942	0
599381_10	Q0	41835	0
599381_10	Q0	42711	0
599381_10	Q0	43481	0
599381_10	Q0	44996	0
599381_10	Q0	45336	0
599381_10	Q0	45641	0
599381_10	Q0	46754	0
599381_10	Q0	49113	0
599381_10	Q0	49114	0
599381_10	Q0	49119	0
599381_10	Q0	51227	0
599381_10	Q0	52557	0
599381_10	Q0	54776	0
599381_10	Q0	55198	0
599381_10	Q0	60995	0
599381_10	Q0	61968	0
599381_10	Q0	61984	0
599381_10	Q0	61985	0
599381_10	Q0	62902	0
599381_10	Q0	66637	0
599381_10	Q0	66707	0
599381_10	Q0	66708	0
599381_10	Q0	68887	0
599381_10	Q0	69677	0
599381_10	Q0	77155	0
599381_10	Q0	79018	0
599381_10	Q0	86337	0
599381_10	Q0	86738	0
599381_10	Q0	88971	0
599381_10	Q0	93111	0
599381_10	Q0	98536	0
599381_10	Q0	98925	0
599381_10	Q0	9910	0
6287652_22	Q0	105472	0
6287652_22	Q0	10594	0
6287652_22	Q0	106054	0
6287652_22	Q0	111483	0
6287652_22	Q0	117264	0
6287652_22	Q0	118898	0
6287652_22	Q0	120987	0
6287652_22	Q0	121597	1
6287652_22	Q0	122482	0
6287652_22	Q0	12543	0
6287652_22	Q0	12821	0
6287652_22	Q0	130941	0
6287652_22	Q0	131808	0
6287652_22	Q0	132933	0
6287652_22	Q0	132987	0
6287652_22	Q0	134701	0
6287652_22	Q0	13559	0
6287652_22	Q0	136567	0
6287652_22	Q0	138292	0
6287652_22	Q0	140230	0
6287652_22	Q0	144232	0
6287652_22	Q0	144904	0
6287652_22	Q0	146667	0
6287652_22	Q0	146911	0
6287652_22	Q0	148074	0
6287652_22	Q0	151704	0
6287652_22	Q0	153741	0
6287652_22	Q0	158326	0
6287652_22	Q0	158854	0
6287652_22	Q0	160007	0
6287652_22	Q0	16144	0
6287652_22	Q0	162065	0
6287652_22	Q0	166693	0
6287652_22	Q0	167832	0
6287652_22	Q0	167897	0
6287652_22	Q0	1739	0
6287652_22	Q0	18410	0
6287652_22	Q0	185	0
6287652_22	Q0	18527	0
6287652_22	Q0	21322	0
6287652_22	Q0	2140	0
6287652_22	Q0	21882	0
6287652_22	Q0	23838	0
6287652_22	Q0	2715	0
6287652_22	Q0	28974	0
6287652_22	Q0	29346	0
6287652_22	Q0	30035	0
6287652_22	Q0	30047	0
6287652_22	Q0	30640	0
6287652_22	Q0	30641	0
6287652_22	Q0	32789	0
6287652_22	Q0	33711	0
6287652_22	Q0	37769	0
6287652_22	Q0	39002	0
6287652_22	Q0	40556	0
6287652_22	Q0	41119	0
6287652_22	Q0	41333	0
6287652_22	Q0	41337	0
6287652_22	Q0	4225	0
6287652_22	Q0	46489	0
6287652_22	Q0	5350	0
6287652_22	Q0	5381	0
6287652_22	Q0	54580	0
6287652_22	Q0	55185	0
6287652_22	Q0	57769	0
6287652_22	Q0	60090	0
6287652_22	Q0	60199	1
6287652_22	Q0	61257	0
6287652_22	Q0	62902	0
6287652_22	Q0	66377	0
6287652_22	Q0	68096	0
6287652_22	Q0	68114	0
6287652_22	Q0	69472	2
6287652_22	Q0	72225	1
6287652_22	Q0	73071	0
6287652_22	Q0	74273	0
6287652_22	Q0	74277	0
6287652_22	Q0	74278	1
6287652_22	Q0	74279	0
6287652_22	Q0	76213	0
6287652_22	Q0	76216	0
6287652_22	Q0	77047	0
6287652_22	Q0	77057	0
6287652_22	Q0	77866	1
6287652_22	Q0	77876	0
6287652_22	Q0	77877	0
6287652_22	Q0	8009	0
6287652_22	Q0	83812	0
6287652_22	Q0	88384	0
6287652_22	Q0	8876	0
6287652_22	Q0	90412	1
6287652_22	Q0	92082	0
6706040_3	Q0	1003	0
6706040_3	Q0	101450	0
6706040_3	Q0	110760	0
6706040_3	Q0	114022	0
6706040_3	Q0	114891	0
6706040_3	Q0	114916	0
6706040_3	Q0	120709	0
6706040_3	Q0	122606	0
6706040_3	Q0	12768	0
6706040_3	Q0	129053	0
6706040_3	Q0	131849	0
6706040_3	Q0	132485	0
6706040_3	Q0	136373	0
6706040_3	Q0	142936	0
6706040_3	Q0	151853	1
6706040_3	Q0	155308	0
6706040_3	Q0	167262	1
6706040_3	Q0	17884	0
6706040_3	Q0	18250	0
6706040_3	Q0	31597	0
6706040_3	Q0	36012	0
6706040_3	Q0	36530	0
6706040_3	Q0	36537	0
6706040_3	Q0	3968	0
6706040_3	Q0	41045	0
6706040_3	Q0	43730	0
6706040_3	Q0	4947	0
6706040_3	Q0	49574	0
6706040_3	Q0	51635	0
6706040_3	Q0	52909	0
6706040_3	Q0	53139	0
6706040_3	Q0	53158	0
6706040_3	Q0	53159	0
6706040_3	Q0	53844	0
6706040_3	Q0	56904	0
6706040_3	Q0	57077	0
6706040_3	Q0	58718	0
6706040_3	Q0	62755	0
6706040_3	Q0	63131	0
6706040_3	Q0	63210	0
6706040_3	Q0	63471	0
6706040_3	Q0	63533	0
6706040_3	Q0	66751	0
6706040_3	Q0	67125	0
6706040_3	Q0	67595	0
6706040_3	Q0	69128	0
6706040_3	Q0	69883	0
6706040_3	Q0	70579	0
6706040_3	Q0	70749	0
6706040_3	Q0	70949	0
6706040_3	Q0	70965	0
6706040_3	Q0	93341	0
6706040_3	Q0	9776	0
6913789_7	Q0	10575	0
6913789_7	Q0	109029	0
6913789_7	Q0	109285	0
6913789_7	Q0	112913	0
6913789_7	Q0	112988	0
6913789_7	Q0	11482	0
6913789_7	Q0	117097	0
6913789_7	Q0	120576	0
6913789_7	Q0	121670	2
6913789_7	Q0	123820	0
6913789_7	Q0	127322	0
6913789_7	Q0	127738	0
6913789_7	Q0	129456	0
6913789_7	Q0	134206	1
6913789_7	Q0	140390	0
6913789_7	Q0	142349	0
6913789_7	Q0	147953	0
6913789_7	Q0	155807	0
6913789_7	Q0	18833	0
6913789_7	Q0	19533	0
6913789_7	Q0	22836	0
6913789_7	Q0	22986	0
6913789_7	Q0	25810	0
6913789_7	Q0	26500	0
6913789_7	Q0	27265	0
6913789_7	Q0	27502	0
6913789_7	Q0	34639	0
6913789_7	Q0	34667	2
6913789_7	Q0	34777	0
6913789_7	Q0	36822	0
6913789_7	Q0	36913	0
6913789_7	Q0	45801	1
6913789_7	Q0	45804	0
6913789_7	Q0	46687	0
6913789_7	Q0	46689	0
6913789_7	Q0	46691	0
6913789_7	Q0	46692	0
6913789_7	Q0	49723	1
6913789_7	Q0	50874	0
6913789_7	Q0	51102	0
6913789_7	Q0	5162	0
6913789_7	Q0	55590	0
6913789_7	Q0	55604	0
6913789_7	Q0	57302	0
6913789_7	Q0	58822	0
6913789_7	Q0	59489	0
6913789_7	Q0	65705	0
6913789_7	Q0	68205	0
6913789_7	Q0	69776	0
6913789_7	Q0	70254	1
6913789_7	Q0	70255	0
6913789_7	Q0	70267	0
6913789_7	Q0	76362	0
6913789_7	Q0	76666	0
6913789_7	Q0	76884	0
6913789_7	Q0	76907	0
6913789_7	Q0	76919	0
6913789_7	Q0	77488	0
6913789_7	Q0	88183	0
6913789_7	Q0	89956	0
6913789_7	Q0	94056	1
6913789_7	Q0	94501	0
6913789_7	Q0	95418	0
7023197_9	Q0	100381	0
7023197_9	Q0	102301	0
7023197_9	Q0	113114	0
7023197_9	Q0	113414	0
7023197_9	Q0	115236	0
7023197_9	Q0	116751	0
7023197_9	Q0	118159	0
7023197_9	Q0	118528	0
7023197_9	Q0	119746	0
7023197_9	Q0	123249	0
7023197_9	Q0	124719	0
7023197_9	Q0	124720	0
7023197_9	Q0	127341	0
7023197_9	Q0	128639	0
7023197_9	Q0	128660	0
7023197_9	Q0	12982	0
7023197_9	Q0	138334	0
7023197_9	Q0	139433	1
7023197_9	Q0	141556	0
7023197_9	Q0	14501	0
7023197_9	Q0	145251	0
7023197_9	Q0	145622	0
7023197_9	Q0	146650	0
7023197_9	Q0	148423	0
7023197_9	Q0	149289	0
7023197_9	Q0	150124	0
7023197_9	Q0	151327	0
7023197_9	Q0	151867	0
7023197_9	Q0	153368	0
7023197_9	Q0	153486	0
7023197_9	Q0	153629	0
7023197_9	Q0	154841	0
7023197_9	Q0	154842	0
7023197_9	Q0	156839	0
7023197_9	Q0	15937	0
7023197_9	Q0	159386	0
7023197_9	Q0	160096	0
7023197_9	Q0	162527	0
7023197_9	Q0	163016	0
7023197_9	Q0	163151	0
7023197_9	Q0	163199	0
7023197_9	Q0	166139	0
7023197_9	Q0	1664	0
7023197_9	Q0	166631	0
7023197_9	Q0	166937	0
7023197_9	Q0	16801	0
7023197_9	Q0	17134	0
7023197_9	Q0	17232	0
7023197_9	Q0	22198	0
7023197_9	Q0	26536	0
7023197_9	Q0	27698	0
7023197_9	Q0	29530	0
7023197_9	Q0	29735	0
7023197_9	Q0	30939	0
7023197_9	Q0	31123	0
7023197_9	Q0	34339	0
7023197_9	Q0	34406	0
7023197_9	Q0	35770	0
7023197_9	Q0	37229	0
7023197_9	Q0	37943	0
7023197_9	Q0	37944	0
7023197_9	Q0	38207	0
7023197_9	Q0	38541	1
7023197_9	Q0	39973	0
7023197_9	Q0	41497	1
7023197_9	Q0	45058	0
7023197_9	Q0	45360	0
7023197_9	Q0	45452	0
7023197_9	Q0	50399	0
7023197_9	Q0	50419	1
7023197_9	Q0	51681	0
7023197_9	Q0	52854	0
7023197_9	Q0	53481	0
7023197_9	Q0	54324	0
7023197_9	Q0	56881	0
7023197_9	Q0	59404	0
7023197_9	Q0	59540	0
7023197_9	Q0	60068	0
7023197_9	Q0	60483	0
7023197_9	Q0	61642	0
7023197_9	Q0	62773	0
7023197_9	Q0	64081	0
7023197_9	Q0	64418	0
7023197_9	Q0	64797	0
7023197_9	Q0	65570	0
7023197_9	Q0	66040	0
7023197_9	Q0	67901	0
7023197_9	Q0	67905	0
7023197_9	Q0	70653	0
7023197_9	Q0	70836	0
7023197_9	Q0	71359	0
7023197_9	Q0	76968	0
7023197_9	Q0	78929	0
7023197_9	Q0	80253	0
7023197_9	Q0	80411	0
7023197_9	Q0	83220	0
7023197_9	Q0	84222	0
7023197_9	Q0	844	0
7023197_9	Q0	86283	0
7023197_9	Q0	87285	0
7023197_9	Q0	89335	0
7023197_9	Q0	91661	0
7023197_9	Q0	92052	0
7023197_9	Q0	94260	0
7023197_9	Q0	94329	0
7023197_9	Q0	94744	0
7023197_9	Q0	96520	0
7023197_9	Q0	97257	0
7023197_9	Q0	97656	0
7023197_9	Q0	98726	0
7023197_9	Q0	9954	0
7023197_9	Q0	998	0
707848_15	Q0	101523	0
707848_15	Q0	102048	0
707848_15	Q0	104433	0
707848_15	Q0	105020	0
707848_15	Q0	10589	0
707848_15	Q0	105946	0
707848_15	Q0	105982	0
707848_15	Q0	106438	0
707848_15	Q0	106562	0
707848_15	Q0	108986	0
707848_15	Q0	110543	0
707848_15	Q0	111158	0
707848_15	Q0	111285	0
707848_15	Q0	11180	0
707848_15	Q0	112062	0
707848_15	Q0	112067	0
707848_15	Q0	112834	0
707848_15	Q0	112908	0
707848_15	Q0	113202	1
707848_15	Q0	113203	0
707848_15	Q0	113205	1
707848_15	Q0	113471	0
707848_15	Q0	115783	1
707848_15	Q0	116208	0
707848_15	Q0	117379	0
707848_15	Q0	118658	0
707848_15	Q0	119376	0
707848_15	Q0	125108	0
707848_15	Q0	126886	0
707848_15	Q0	134804	0
707848_15	Q0	136272	0
707848_15	Q0	139124	0
707848_15	Q0	139246	0
707848_15	Q0	13940	0
707848_15	Q0	140970	0
707848_15	Q0	141029	0
707848_15	Q0	142304	0
707848_15	Q0	143556	0
707848_15	Q0	14366	0
707848_15	Q0	146741	0
707848_15	Q0	148516	0
707848_15	Q0	150280	0
707848_15	Q0	150503	0
707848_15	Q0	151582	0
707848_15	Q0	153743	0
707848_15	Q0	161177	0
707848_15	Q0	162573	0
707848_15	Q0	16901	1
707848_15	Q0	19858	0
707848_15	Q0	23209	0
707848_15	Q0	24565	0
707848_15	Q0	24729	0
707848_15	Q0	24787	0
707848_15	Q0	25116	0
707848_15	Q0	26037	0
707848_15	Q0	2648	0
707848_15	Q0	33752	0
707848_15	Q0	34355	0
707848_15	Q0	35625	0
707848_15	Q0	35875	0
707848_15	Q0	38031	0
707848_15	Q0	39260	0
707848_15	Q0	40217	0
707848_15	Q0	42342	0
707848_15	Q0	441	0
707848_15	Q0	45841	0
707848_15	Q0	46435	0
707848_15	Q0	46967	0
707848_15	Q0	47469	0
707848_15	Q0	47580	0
707848_15	Q0	47958	0
707848_15	Q0	48072	1
707848_15	Q0	48262	0
707848_15	Q0	48863	0
707848_15	Q0	49421	0
707848_15	Q0	51314	0
707848_15	Q0	5233	0
707848_15	Q0	55952	0
707848_15	Q0	56423	0
707848_15	Q0	58092	0
707848_15	Q0	58107	0
707848_15	Q0	58813	0
707848_15	Q0	59020	0
707848_15	Q0	60717	0
707848_15	Q0	62875	0
707848_15	Q0	63235	0
707848_15	Q0	63880	0
707848_15	Q0	64711	0
707848_15	Q0	65335	1
707848_15	Q0	65337	0
707848_15	Q0	65452	0
707848_15	Q0	65709	0
707848_15	Q0	66024	0
707848_15	Q0	67969	0
707848_15	Q0	72580	0
707848_15	Q0	75962	0
707848_15	Q0	76336	0
707848_15	Q0	76415	0
707848_15	Q0	77165	0
707848_15	Q0	80824	0
707848_15	Q0	82425	0
707848_15	Q0	82429	0
707848_15	Q0	83929	0
707848_15	Q0	88512	0
707848_15	Q0	88571	0
707848_15	Q0	89299	0
707848_15	Q0	89574	0
707848_15	Q0	91607	0
707848_15	Q0	91738	0
707848_15	Q0	92320	0
707848_15	Q0	93015	0
707848_15	Q0	93141	0
707848_15	Q0	953	0
707848_15	Q0	99949	0
707848_15	Q0	99951	0
707848_15	Q0	99953	0
707848_7	Q0	101362	0
707848_7	Q0	105749	0
707848_7	Q0	107401	0
707848_7	Q0	107722	0
707848_7	Q0	107725	0
707848_7	Q0	108085	0
707848_7	Q0	108334	0
707848_7	Q0	10855	0
707848_7	Q0	10870	0
707848_7	Q0	109482	0
707848_7	Q0	110129	0
707848_7	Q0	111697	0
707848_7	Q0	11184	0
707848_7	Q0	113926	0
707848_7	Q0	114855	0
707848_7	Q0	115476	1
707848_7	Q0	117136	0
707848_7	Q0	117493	0
707848_7	Q0	118352	1
707848_7	Q0	118553	0
707848_7	Q0	119905	0
707848_7	Q0	122065	0
707848_7	Q0	12365	0
707848_7	Q0	127493	0
707848_7	Q0	127652	1
707848_7	Q0	131119	0
707848_7	Q0	13342	0
707848_7	Q0	1391	0
707848_7	Q0	140580	0
707848_7	Q0	140946	1
707848_7	Q0	141176	0
707848_7	Q0	145044	0
707848_7	Q0	149407	1
707848_7	Q0	156891	0
707848_7	Q0	158983	0
707848_7	Q0	159481	0
707848_7	Q0	161006	0
707848_7	Q0	161169	0
707848_7	Q0	16144	0
707848_7	Q0	161802	0
707848_7	Q0	161847	0
707848_7	Q0	163217	0
707848_7	Q0	163634	0
707848_7	Q0	166693	0
707848_7	Q0	167146	1
707848_7	Q0	167352	0
707848_7	Q0	167897	0
707848_7	Q0	17936	0
707848_7	Q0	20700	0
707848_7	Q0	20801	0
707848_7	Q0	2140	0
707848_7	Q0	24258	1
707848_7	Q0	2715	0
707848_7	Q0	27502	0
707848_7	Q0	28983	0
707848_7	Q0	3208	0
707848_7	Q0	32745	1
707848_7	Q0	33648	0
707848_7	Q0	34083	0
707848_7	Q0	35265	1
707848_7	Q0	40872	0
707848_7	Q0	41334	0
707848_7	Q0	41556	1
707848_7	Q0	45197	0
707848_7	Q0	46388	1
707848_7	Q0	47729	0
707848_7	Q0	48872	0
707848_7	Q0	49202	0
707848_7	Q0	49843	1
707848_7	Q0	49878	0
707848_7	Q0	49880	1
707848_7	Q0	50179	0
707848_7	Q0	5350	0
707848_7	Q0	54610	0
707848_7	Q0	55185	0
707848_7	Q0	56518	1
707848_7	Q0	60132	1
707848_7	Q0	60170	0
707848_7	Q0	60180	0
707848_7	Q0	6211	0
707848_7	Q0	62902	0
707848_7	Q0	63332	1
707848_7	Q0	63415	0
707848_7	Q0	6820	0
707848_7	Q0	69409	0
707848_7	Q0	6961	1
707848_7	Q0	69891	1
707848_7	Q0	72643	0
707848_7	Q0	73308	0
707848_7	Q0	73315	1
707848_7	Q0	77195	0
707848_7	Q0	77534	1
707848_7	Q0	78992	0
707848_7	Q0	79279	0
707848_7	Q0	8072	0
707848_7	Q0	8154	0
707848_7	Q0	8157	1
707848_7	Q0	82655	0
707848_7	Q0	83493	0
707848_7	Q0	84846	1
707848_7	Q0	85070	0
707848_7	Q0	85077	1
707848_7	Q0	88668	0
707848_7	Q0	90376	0
707848_7	Q0	90414	1
707848_7	Q0	90431	1
707848_7	Q0	90944	0
707848_7	Q0	91557	0
707848_7	Q0	9210	0
707848_7	Q0	9365	0
707848_7	Q0	95482	0
707848_8	Q0	103849	0
707848_8	Q0	104298	0
707848_8	Q0	10766	0
707848_8	Q0	108337	0
707848_8	Q0	108637	1
707848_8	Q0	109950	1
707848_8	Q0	111851	1
707848_8	Q0	113566	2
707848_8	Q0	115190	2
707848_8	Q0	115723	0
707848_8	Q0	116427	0
707848_8	Q0	118257	0
707848_8	Q0	118260	0
707848_8	Q0	118275	0
707848_8	Q0	119206	2
707848_8	Q0	124391	2
707848_8	Q0	125285	0
707848_8	Q0	128280	0
707848_8	Q0	128283	0
707848_8	Q0	128735	0
707848_8	Q0	128766	0
707848_8	Q0	128977	0
707848_8	Q0	129668	0
707848_8	Q0	134566	0
707848_8	Q0	135341	0
707848_8	Q0	138057	0
707848_8	Q0	138806	0
707848_8	Q0	141943	1
707848_8	Q0	142616	1
707848_8	Q0	14267	0
707848_8	Q0	142836	0
707848_8	Q0	143432	0
707848_8	Q0	143439	0
707848_8	Q0	143893	0
707848_8	Q0	145499	0
707848_8	Q0	147978	1
707848_8	Q0	149649	0
707848_8	Q0	150246	0
707848_8	Q0	153549	0
707848_8	Q0	153888	0
707848_8	Q0	163218	0
707848_8	Q0	163553	0
707848_8	Q0	16925	0
707848_8	Q0	1758	0
707848_8	Q0	1874	0
707848_8	Q0	19067	0
707848_8	Q0	2143	0
707848_8	Q0	26012	0
707848_8	Q0	26077	2
707848_8	Q0	28570	2
707848_8	Q0	29733	0
707848_8	Q0	32403	0
707848_8	Q0	33214	0
707848_8	Q0	36001	1
707848_8	Q0	36504	2
707848_8	Q0	372	0
707848_8	Q0	37665	1
707848_8	Q0	37671	1
707848_8	Q0	37832	0
707848_8	Q0	37845	0
707848_8	Q0	37850	0
707848_8	Q0	38394	0
707848_8	Q0	38396	0
707848_8	Q0	38422	0
707848_8	Q0	38425	0
707848_8	Q0	38824	0
707848_8	Q0	40571	1
707848_8	Q0	43279	0
707848_8	Q0	45462	0
707848_8	Q0	50123	1
707848_8	Q0	53015	0
707848_8	Q0	53404	2
707848_8	Q0	56091	1
707848_8	Q0	61971	0
707848_8	Q0	65463	0
707848_8	Q0	65468	0
707848_8	Q0	70368	0
707848_8	Q0	70777	0
707848_8	Q0	70868	1
707848_8	Q0	74517	2
707848_8	Q0	75385	1
707848_8	Q0	75770	0
707848_8	Q0	75963	0
707848_8	Q0	7885	0
707848_8	Q0	81055	0
707848_8	Q0	81064	1
707848_8	Q0	82327	0
707848_8	Q0	82335	0
707848_8	Q0	82927	0
707848_8	Q0	83605	0
707848_8	Q0	83969	0
707848_8	Q0	8488	0
707848_8	Q0	8540	0
707848_8	Q0	87934	0
707848_8	Q0	87936	0
707848_8	Q0	87939	0
707848_8	Q0	88137	0
707848_8	Q0	92685	1
707848_8	Q0	94344	0
707848_8	Q0	95938	0
707848_8	Q0	95941	2
707848_8	Q0	95943	0
707848_8	Q0	96075	0
707848_8	Q0	96539	1
707848_8	Q0	98658	0
